{"2-18288707-2": [{"seq_input": {"gloss": ["SYMSYMS", "SYMSELECT", "SYMWHERE", "SYMAND", "SYMCOL", "SYMTABLE", "SYMCAPTION", "SYMPAGE", "SYMSECTION", "SYMOP", "SYMCOND", "SYMQUESTION", "SYMAGG", "SYMAGGOPS", "SYMCONDOPS", "SYMAGGOPS", "MAX", "MIN", "COUNT", "SUM", "AVG", "SYMCONDOPS", "=", ">", "<", "OP", "SYMTABLE", "SYMCOL", "Tournament", "SYMCOL", "2009", "SYMCOL", "2010", "SYMCOL", "2011", "SYMCOL", "2012", "SYMCOL", "Win", "%", "SYMQUESTION", "What", "is", "the", "2011", "Australian", "Open", "and", "a", "2010", "QF", "?", "SYMEND"], "after": [" ", " ", " ", " ", " ", " ", " ", " ", " ", " ", " ", " ", " ", " ", " ", "  ", " ", " ", " ", " ", " ", " ", " ", " ", " ", " ", " ", " ", " ", " ", " ", " ", " ", " ", " ", " ", " ", " ", " ", " ", " ", " ", " ", " ", " ", " ", " ", " ", " ", " ", "", " ", ""], "words": ["symsyms", "symselect", "symwhere", "symand", "symcol", "symtable", "symcaption", "sympage", "symsection", "symop", "symcond", "symquestion", "symagg", "symaggops", "symcondops", "symaggops", "max", "min", "count", "sum", "avg", "symcondops", "=", ">", "<", "op", "symtable", "symcol", "tournament", "symcol", "2009", "symcol", "2010", "symcol", "2011", "symcol", "2012", "symcol", "win", "%", "symquestion", "what", "is", "the", "2011", "australian", "open", "and", "a", "2010", "qf", "?", "symend"]}, "id": "test-12818", "question": {"gloss": ["What", "is", "the", "2011", "Australian", "Open", "and", "a", "2010", "QF", "?"], "ent": ["WP", "VBZ", "DT", "CD", "NNP", "NNP", "CC", "DT", "CD", "NN", "."], "after": [" ", " ", " ", " ", " ", " ", " ", " ", " ", "", ""], "words": ["what", "is", "the", "2011", "australian", "open", "and", "a", "2010", "qf", "?"]}, "seq_output": {"gloss": ["SYMSELECT", "SYMAGG", "SYMCOL", "2011", "SYMWHERE", "SYMCOL", "Tournament", "SYMOP", "=", "SYMCOND", "australian", "open", "SYMAND", "SYMCOL", "2010", "SYMOP", "=", "SYMCOND", "qf", "SYMEND"], "after": [" ", "  ", " ", " ", " ", " ", " ", " ", " ", " ", " ", " ", " ", " ", " ", " ", " ", " ", " ", ""], "words": ["symselect", "symagg", "symcol", "2011", "symwhere", "symcol", "tournament", "symop", "=", "symcond", "australian", "open", "symand", "symcol", "2010", "symop", "=", "symcond", "qf", "symend"]}, "table_id": "2-18288707-2", "query": {"conds": [[0, 0, {"gloss": ["australian", "open"], "after": [" ", ""], "words": ["australian", "open"]}], [2, 0, {"gloss": ["qf"], "after": [""], "words": ["qf"]}]], "sel": 3, "agg": 0}, "where_output": {"gloss": ["SYMWHERE", "SYMCOL", "Tournament", "SYMOP", "=", "SYMCOND", "australian", "open", "SYMAND", "SYMCOL", "2010", "SYMOP", "=", "SYMCOND", "qf", "SYMEND"], "after": [" ", " ", " ", " ", " ", " ", " ", " ", " ", " ", " ", " ", " ", " ", " ", ""], "words": ["symwhere", "symcol", "tournament", "symop", "=", "symcond", "australian", "open", "symand", "symcol", "2010", "symop", "=", "symcond", "qf", "symend"]}, "table": {"header": [{"gloss": ["Tournament"], "after": [""], "words": ["tournament"]}, {"gloss": ["2009"], "after": [""], "words": ["2009"]}, {"gloss": ["2010"], "after": [""], "words": ["2010"]}, {"gloss": ["2011"], "after": [""], "words": ["2011"]}, {"gloss": ["2012"], "after": [""], "words": ["2012"]}, {"gloss": ["Win", "%"], "after": [" ", ""], "words": ["win", "%"]}]}}, {"seq_input": {"gloss": ["SYMSYMS", "SYMSELECT", "SYMWHERE", "SYMAND", "SYMCOL", "SYMTABLE", "SYMCAPTION", "SYMPAGE", "SYMSECTION", "SYMOP", "SYMCOND", "SYMQUESTION", "SYMAGG", "SYMAGGOPS", "SYMCONDOPS", "SYMAGGOPS", "MAX", "MIN", "COUNT", "SUM", "AVG", "SYMCONDOPS", "=", ">", "<", "OP", "SYMTABLE", "SYMCOL", "Tournament", "SYMCOL", "2009", "SYMCOL", "2010", "SYMCOL", "2011", "SYMCOL", "2012", "SYMCOL", "Win", "%", "SYMQUESTION", "What", "is", "2010", "that", "has", "1r", "2011", "?", "SYMEND"], "after": [" ", " ", " ", " ", " ", " ", " ", " ", " ", " ", " ", " ", " ", " ", " ", "  ", " ", " ", " ", " ", " ", " ", " ", " ", " ", " ", " ", " ", " ", " ", " ", " ", " ", " ", " ", " ", " ", " ", " ", " ", " ", " ", " ", " ", " ", " ", " ", "", " ", ""], "words": ["symsyms", "symselect", "symwhere", "symand", "symcol", "symtable", "symcaption", "sympage", "symsection", "symop", "symcond", "symquestion", "symagg", "symaggops", "symcondops", "symaggops", "max", "min", "count", "sum", "avg", "symcondops", "=", ">", "<", "op", "symtable", "symcol", "tournament", "symcol", "2009", "symcol", "2010", "symcol", "2011", "symcol", "2012", "symcol", "win", "%", "symquestion", "what", "is", "2010", "that", "has", "1r", "2011", "?", "symend"]}, "id": "test-12819", "question": {"gloss": ["What", "is", "2010", "that", "has", "1r", "2011", "?"], "ent": ["WP", "VBZ", "CD", "WDT", "VBZ", "CD", "CD", "."], "after": [" ", " ", " ", " ", " ", " ", "", ""], "words": ["what", "is", "2010", "that", "has", "1r", "2011", "?"]}, "seq_output": {"gloss": ["SYMSELECT", "SYMAGG", "SYMCOL", "2010", "SYMWHERE", "SYMCOL", "2011", "SYMOP", "=", "SYMCOND", "1r", "SYMEND"], "after": [" ", "  ", " ", " ", " ", " ", " ", " ", " ", " ", " ", ""], "words": ["symselect", "symagg", "symcol", "2010", "symwhere", "symcol", "2011", "symop", "=", "symcond", "1r", "symend"]}, "table_id": "2-18288707-2", "query": {"conds": [[3, 0, {"gloss": ["1r"], "after": [""], "words": ["1r"]}]], "sel": 2, "agg": 0}, "where_output": {"gloss": ["SYMWHERE", "SYMCOL", "2011", "SYMOP", "=", "SYMCOND", "1r", "SYMEND"], "after": [" ", " ", " ", " ", " ", " ", " ", ""], "words": ["symwhere", "symcol", "2011", "symop", "=", "symcond", "1r", "symend"]}, "table": {"header": [{"gloss": ["Tournament"], "after": [""], "words": ["tournament"]}, {"gloss": ["2009"], "after": [""], "words": ["2009"]}, {"gloss": ["2010"], "after": [""], "words": ["2010"]}, {"gloss": ["2011"], "after": [""], "words": ["2011"]}, {"gloss": ["2012"], "after": [""], "words": ["2012"]}, {"gloss": ["Win", "%"], "after": [" ", ""], "words": ["win", "%"]}]}}, {"seq_input": {"gloss": ["SYMSYMS", "SYMSELECT", "SYMWHERE", "SYMAND", "SYMCOL", "SYMTABLE", "SYMCAPTION", "SYMPAGE", "SYMSECTION", "SYMOP", "SYMCOND", "SYMQUESTION", "SYMAGG", "SYMAGGOPS", "SYMCONDOPS", "SYMAGGOPS", "MAX", "MIN", "COUNT", "SUM", "AVG", "SYMCONDOPS", "=", ">", "<", "OP", "SYMTABLE", "SYMCOL", "Tournament", "SYMCOL", "2009", "SYMCOL", "2010", "SYMCOL", "2011", "SYMCOL", "2012", "SYMCOL", "Win", "%", "SYMQUESTION", "What", "is", "the", "winning", "%", "for", "the", "2010", "QF", "?", "SYMEND"], "after": [" ", " ", " ", " ", " ", " ", " ", " ", " ", " ", " ", " ", " ", " ", " ", "  ", " ", " ", " ", " ", " ", " ", " ", " ", " ", " ", " ", " ", " ", " ", " ", " ", " ", " ", " ", " ", " ", " ", " ", " ", " ", " ", " ", " ", " ", " ", " ", " ", " ", "", " ", ""], "words": ["symsyms", "symselect", "symwhere", "symand", "symcol", "symtable", "symcaption", "sympage", "symsection", "symop", "symcond", "symquestion", "symagg", "symaggops", "symcondops", "symaggops", "max", "min", "count", "sum", "avg", "symcondops", "=", ">", "<", "op", "symtable", "symcol", "tournament", "symcol", "2009", "symcol", "2010", "symcol", "2011", "symcol", "2012", "symcol", "win", "%", "symquestion", "what", "is", "the", "winning", "%", "for", "the", "2010", "qf", "?", "symend"]}, "id": "test-12820", "question": {"gloss": ["What", "is", "the", "winning", "%", "for", "the", "2010", "QF", "?"], "ent": ["WP", "VBZ", "DT", "VBG", "NN", "IN", "DT", "CD", "NNP", "."], "after": [" ", " ", " ", " ", " ", " ", " ", " ", "", ""], "words": ["what", "is", "the", "winning", "%", "for", "the", "2010", "qf", "?"]}, "seq_output": {"gloss": ["SYMSELECT", "SYMAGG", "SYMCOL", "Win", "%", "SYMWHERE", "SYMCOL", "2010", "SYMOP", "=", "SYMCOND", "qf", "SYMEND"], "after": [" ", "  ", " ", " ", " ", " ", " ", " ", " ", " ", " ", " ", ""], "words": ["symselect", "symagg", "symcol", "win", "%", "symwhere", "symcol", "2010", "symop", "=", "symcond", "qf", "symend"]}, "table_id": "2-18288707-2", "query": {"conds": [[2, 0, {"gloss": ["qf"], "after": [""], "words": ["qf"]}]], "sel": 5, "agg": 0}, "where_output": {"gloss": ["SYMWHERE", "SYMCOL", "2010", "SYMOP", "=", "SYMCOND", "qf", "SYMEND"], "after": [" ", " ", " ", " ", " ", " ", " ", ""], "words": ["symwhere", "symcol", "2010", "symop", "=", "symcond", "qf", "symend"]}, "table": {"header": [{"gloss": ["Tournament"], "after": [""], "words": ["tournament"]}, {"gloss": ["2009"], "after": [""], "words": ["2009"]}, {"gloss": ["2010"], "after": [""], "words": ["2010"]}, {"gloss": ["2011"], "after": [""], "words": ["2011"]}, {"gloss": ["2012"], "after": [""], "words": ["2012"]}, {"gloss": ["Win", "%"], "after": [" ", ""], "words": ["win", "%"]}]}}, {"seq_input": {"gloss": ["SYMSYMS", "SYMSELECT", "SYMWHERE", "SYMAND", "SYMCOL", "SYMTABLE", "SYMCAPTION", "SYMPAGE", "SYMSECTION", "SYMOP", "SYMCOND", "SYMQUESTION", "SYMAGG", "SYMAGGOPS", "SYMCONDOPS", "SYMAGGOPS", "MAX", "MIN", "COUNT", "SUM", "AVG", "SYMCONDOPS", "=", ">", "<", "OP", "SYMTABLE", "SYMCOL", "Tournament", "SYMCOL", "2009", "SYMCOL", "2010", "SYMCOL", "2011", "SYMCOL", "2012", "SYMCOL", "Win", "%", "SYMQUESTION", "What", "is", "the", "2009", "for", "2012", "1R", "in", "Wimbledon", "and", "a", "2011", "2r", "?", "SYMEND"], "after": [" ", " ", " ", " ", " ", " ", " ", " ", " ", " ", " ", " ", " ", " ", " ", "  ", " ", " ", " ", " ", " ", " ", " ", " ", " ", " ", " ", " ", " ", " ", " ", " ", " ", " ", " ", " ", " ", " ", " ", " ", " ", " ", " ", " ", " ", " ", " ", " ", " ", " ", " ", " ", " ", "", " ", ""], "words": ["symsyms", "symselect", "symwhere", "symand", "symcol", "symtable", "symcaption", "sympage", "symsection", "symop", "symcond", "symquestion", "symagg", "symaggops", "symcondops", "symaggops", "max", "min", "count", "sum", "avg", "symcondops", "=", ">", "<", "op", "symtable", "symcol", "tournament", "symcol", "2009", "symcol", "2010", "symcol", "2011", "symcol", "2012", "symcol", "win", "%", "symquestion", "what", "is", "the", "2009", "for", "2012", "1r", "in", "wimbledon", "and", "a", "2011", "2r", "?", "symend"]}, "id": "test-12821", "question": {"gloss": ["What", "is", "the", "2009", "for", "2012", "1R", "in", "Wimbledon", "and", "a", "2011", "2r", "?"], "ent": ["WP", "VBZ", "DT", "CD", "IN", "CD", "CD", "IN", "NNP", "CC", "DT", "CD", "CD", "."], "after": [" ", " ", " ", " ", " ", " ", " ", " ", " ", " ", " ", " ", "", ""], "words": ["what", "is", "the", "2009", "for", "2012", "1r", "in", "wimbledon", "and", "a", "2011", "2r", "?"]}, "seq_output": {"gloss": ["SYMSELECT", "SYMAGG", "SYMCOL", "2009", "SYMWHERE", "SYMCOL", "2012", "SYMOP", "=", "SYMCOND", "1r", "SYMAND", "SYMCOL", "Tournament", "SYMOP", "=", "SYMCOND", "wimbledon", "SYMAND", "SYMCOL", "2011", "SYMOP", "=", "SYMCOND", "2r", "SYMEND"], "after": [" ", "  ", " ", " ", " ", " ", " ", " ", " ", " ", " ", " ", " ", " ", " ", " ", " ", " ", " ", " ", " ", " ", " ", " ", " ", ""], "words": ["symselect", "symagg", "symcol", "2009", "symwhere", "symcol", "2012", "symop", "=", "symcond", "1r", "symand", "symcol", "tournament", "symop", "=", "symcond", "wimbledon", "symand", "symcol", "2011", "symop", "=", "symcond", "2r", "symend"]}, "table_id": "2-18288707-2", "query": {"conds": [[4, 0, {"gloss": ["1r"], "after": [""], "words": ["1r"]}], [0, 0, {"gloss": ["wimbledon"], "after": [""], "words": ["wimbledon"]}], [3, 0, {"gloss": ["2r"], "after": [""], "words": ["2r"]}]], "sel": 1, "agg": 0}, "where_output": {"gloss": ["SYMWHERE", "SYMCOL", "2012", "SYMOP", "=", "SYMCOND", "1r", "SYMAND", "SYMCOL", "Tournament", "SYMOP", "=", "SYMCOND", "wimbledon", "SYMAND", "SYMCOL", "2011", "SYMOP", "=", "SYMCOND", "2r", "SYMEND"], "after": [" ", " ", " ", " ", " ", " ", " ", " ", " ", " ", " ", " ", " ", " ", " ", " ", " ", " ", " ", " ", " ", ""], "words": ["symwhere", "symcol", "2012", "symop", "=", "symcond", "1r", "symand", "symcol", "tournament", "symop", "=", "symcond", "wimbledon", "symand", "symcol", "2011", "symop", "=", "symcond", "2r", "symend"]}, "table": {"header": [{"gloss": ["Tournament"], "after": [""], "words": ["tournament"]}, {"gloss": ["2009"], "after": [""], "words": ["2009"]}, {"gloss": ["2010"], "after": [""], "words": ["2010"]}, {"gloss": ["2011"], "after": [""], "words": ["2011"]}, {"gloss": ["2012"], "after": [""], "words": ["2012"]}, {"gloss": ["Win", "%"], "after": [" ", ""], "words": ["win", "%"]}]}}, {"seq_input": {"gloss": ["SYMSYMS", "SYMSELECT", "SYMWHERE", "SYMAND", "SYMCOL", "SYMTABLE", "SYMCAPTION", "SYMPAGE", "SYMSECTION", "SYMOP", "SYMCOND", "SYMQUESTION", "SYMAGG", "SYMAGGOPS", "SYMCONDOPS", "SYMAGGOPS", "MAX", "MIN", "COUNT", "SUM", "AVG", "SYMCONDOPS", "=", ">", "<", "OP", "SYMTABLE", "SYMCOL", "Tournament", "SYMCOL", "2009", "SYMCOL", "2010", "SYMCOL", "2011", "SYMCOL", "2012", "SYMCOL", "Win", "%", "SYMQUESTION", "What", "is", "2012", "that", "has", "a", "winning", "%", "of", "67", "%", "?", "SYMEND"], "after": [" ", " ", " ", " ", " ", " ", " ", " ", " ", " ", " ", " ", " ", " ", " ", "  ", " ", " ", " ", " ", " ", " ", " ", " ", " ", " ", " ", " ", " ", " ", " ", " ", " ", " ", " ", " ", " ", " ", " ", " ", " ", " ", " ", " ", " ", " ", " ", " ", " ", " ", "", "", " ", ""], "words": ["symsyms", "symselect", "symwhere", "symand", "symcol", "symtable", "symcaption", "sympage", "symsection", "symop", "symcond", "symquestion", "symagg", "symaggops", "symcondops", "symaggops", "max", "min", "count", "sum", "avg", "symcondops", "=", ">", "<", "op", "symtable", "symcol", "tournament", "symcol", "2009", "symcol", "2010", "symcol", "2011", "symcol", "2012", "symcol", "win", "%", "symquestion", "what", "is", "2012", "that", "has", "a", "winning", "%", "of", "67", "%", "?", "symend"]}, "id": "test-12822", "question": {"gloss": ["What", "is", "2012", "that", "has", "a", "winning", "%", "of", "67", "%", "?"], "ent": ["WP", "VBZ", "CD", "WDT", "VBZ", "DT", "VBG", "NN", "IN", "CD", "NN", "."], "after": [" ", " ", " ", " ", " ", " ", " ", " ", " ", "", "", ""], "words": ["what", "is", "2012", "that", "has", "a", "winning", "%", "of", "67", "%", "?"]}, "seq_output": {"gloss": ["SYMSELECT", "SYMAGG", "SYMCOL", "2012", "SYMWHERE", "SYMCOL", "Win", "%", "SYMOP", "=", "SYMCOND", "67", "%", "SYMEND"], "after": [" ", "  ", " ", " ", " ", " ", " ", " ", " ", " ", " ", "", " ", ""], "words": ["symselect", "symagg", "symcol", "2012", "symwhere", "symcol", "win", "%", "symop", "=", "symcond", "67", "%", "symend"]}, "table_id": "2-18288707-2", "query": {"conds": [[5, 0, {"gloss": ["67", "%"], "after": ["", ""], "words": ["67", "%"]}]], "sel": 4, "agg": 0}, "where_output": {"gloss": ["SYMWHERE", "SYMCOL", "Win", "%", "SYMOP", "=", "SYMCOND", "67", "%", "SYMEND"], "after": [" ", " ", " ", " ", " ", " ", " ", "", " ", ""], "words": ["symwhere", "symcol", "win", "%", "symop", "=", "symcond", "67", "%", "symend"]}, "table": {"header": [{"gloss": ["Tournament"], "after": [""], "words": ["tournament"]}, {"gloss": ["2009"], "after": [""], "words": ["2009"]}, {"gloss": ["2010"], "after": [""], "words": ["2010"]}, {"gloss": ["2011"], "after": [""], "words": ["2011"]}, {"gloss": ["2012"], "after": [""], "words": ["2012"]}, {"gloss": ["Win", "%"], "after": [" ", ""], "words": ["win", "%"]}]}}], "2-11336756-6": [{"seq_input": {"gloss": ["SYMSYMS", "SYMSELECT", "SYMWHERE", "SYMAND", "SYMCOL", "SYMTABLE", "SYMCAPTION", "SYMPAGE", "SYMSECTION", "SYMOP", "SYMCOND", "SYMQUESTION", "SYMAGG", "SYMAGGOPS", "SYMCONDOPS", "SYMAGGOPS", "MAX", "MIN", "COUNT", "SUM", "AVG", "SYMCONDOPS", "=", ">", "<", "OP", "SYMTABLE", "SYMCOL", "Route", "Name", "SYMCOL", "Direction", "SYMCOL", "Termini", "SYMCOL", "Junctions", "SYMCOL", "Length", "SYMCOL", "Population", "Area", "SYMCOL", "Remarks", "SYMQUESTION", "What", "is", "the", "terminini", "of", "the", "highway", "with", "an", "east", "west", "direction", "and", "remarks", "that", "it", "was", "replaced", "by", "us", "59", "?", "SYMEND"], "after": [" ", " ", " ", " ", " ", " ", " ", " ", " ", " ", " ", " ", " ", " ", " ", "  ", " ", " ", " ", " ", " ", " ", " ", " ", " ", " ", " ", " ", " ", " ", " ", " ", " ", " ", " ", " ", " ", " ", " ", " ", " ", " ", " ", " ", " ", " ", " ", " ", " ", " ", " ", " ", " ", " ", " ", " ", " ", " ", " ", " ", " ", " ", " ", " ", "", " ", ""], "words": ["symsyms", "symselect", "symwhere", "symand", "symcol", "symtable", "symcaption", "sympage", "symsection", "symop", "symcond", "symquestion", "symagg", "symaggops", "symcondops", "symaggops", "max", "min", "count", "sum", "avg", "symcondops", "=", ">", "<", "op", "symtable", "symcol", "route", "name", "symcol", "direction", "symcol", "termini", "symcol", "junctions", "symcol", "length", "symcol", "population", "area", "symcol", "remarks", "symquestion", "what", "is", "the", "terminini", "of", "the", "highway", "with", "an", "east", "west", "direction", "and", "remarks", "that", "it", "was", "replaced", "by", "us", "59", "?", "symend"]}, "id": "test-11666", "question": {"gloss": ["What", "is", "the", "terminini", "of", "the", "highway", "with", "an", "east", "west", "direction", "and", "remarks", "that", "it", "was", "replaced", "by", "us", "59", "?"], "ent": ["WP", "VBZ", "DT", "NNS", "IN", "DT", "NN", "IN", "DT", "JJ", "NN", "NN", "CC", "VBZ", "IN", "PRP", "VBD", "VBN", "IN", "PRP", "CD", "."], "after": [" ", " ", " ", " ", " ", " ", " ", " ", " ", " ", " ", " ", " ", " ", " ", " ", " ", " ", " ", " ", "", ""], "words": ["what", "is", "the", "terminini", "of", "the", "highway", "with", "an", "east", "west", "direction", "and", "remarks", "that", "it", "was", "replaced", "by", "us", "59", "?"]}, "seq_output": {"gloss": ["SYMSELECT", "SYMAGG", "SYMCOL", "Termini", "SYMWHERE", "SYMCOL", "Direction", "SYMOP", "=", "SYMCOND", "east", "west", "SYMAND", "SYMCOL", "Remarks", "SYMOP", "=", "SYMCOND", "replaced", "by", "us", "59", "SYMEND"], "after": [" ", "  ", " ", " ", " ", " ", " ", " ", " ", " ", " ", " ", " ", " ", " ", " ", " ", " ", " ", " ", " ", " ", ""], "words": ["symselect", "symagg", "symcol", "termini", "symwhere", "symcol", "direction", "symop", "=", "symcond", "east", "west", "symand", "symcol", "remarks", "symop", "=", "symcond", "replaced", "by", "us", "59", "symend"]}, "table_id": "2-11336756-6", "query": {"conds": [[1, 0, {"gloss": ["east", "west"], "after": [" ", ""], "words": ["east", "west"]}], [6, 0, {"gloss": ["replaced", "by", "us", "59"], "after": [" ", " ", " ", ""], "words": ["replaced", "by", "us", "59"]}]], "sel": 2, "agg": 0}, "where_output": {"gloss": ["SYMWHERE", "SYMCOL", "Direction", "SYMOP", "=", "SYMCOND", "east", "west", "SYMAND", "SYMCOL", "Remarks", "SYMOP", "=", "SYMCOND", "replaced", "by", "us", "59", "SYMEND"], "after": [" ", " ", " ", " ", " ", " ", " ", " ", " ", " ", " ", " ", " ", " ", " ", " ", " ", " ", ""], "words": ["symwhere", "symcol", "direction", "symop", "=", "symcond", "east", "west", "symand", "symcol", "remarks", "symop", "=", "symcond", "replaced", "by", "us", "59", "symend"]}, "table": {"header": [{"gloss": ["Route", "Name"], "after": [" ", ""], "words": ["route", "name"]}, {"gloss": ["Direction"], "after": [""], "words": ["direction"]}, {"gloss": ["Termini"], "after": [""], "words": ["termini"]}, {"gloss": ["Junctions"], "after": [""], "words": ["junctions"]}, {"gloss": ["Length"], "after": [""], "words": ["length"]}, {"gloss": ["Population", "Area"], "after": [" ", ""], "words": ["population", "area"]}, {"gloss": ["Remarks"], "after": [""], "words": ["remarks"]}]}}, {"seq_input": {"gloss": ["SYMSYMS", "SYMSELECT", "SYMWHERE", "SYMAND", "SYMCOL", "SYMTABLE", "SYMCAPTION", "SYMPAGE", "SYMSECTION", "SYMOP", "SYMCOND", "SYMQUESTION", "SYMAGG", "SYMAGGOPS", "SYMCONDOPS", "SYMAGGOPS", "MAX", "MIN", "COUNT", "SUM", "AVG", "SYMCONDOPS", "=", ">", "<", "OP", "SYMTABLE", "SYMCOL", "Route", "Name", "SYMCOL", "Direction", "SYMCOL", "Termini", "SYMCOL", "Junctions", "SYMCOL", "Length", "SYMCOL", "Population", "Area", "SYMCOL", "Remarks", "SYMQUESTION", "What", "is", "the", "length", "of", "the", "highway", "with", "the", "route", "name", "sh", "2", "?", "SYMEND"], "after": [" ", " ", " ", " ", " ", " ", " ", " ", " ", " ", " ", " ", " ", " ", " ", "  ", " ", " ", " ", " ", " ", " ", " ", " ", " ", " ", " ", " ", " ", " ", " ", " ", " ", " ", " ", " ", " ", " ", " ", " ", " ", " ", " ", " ", " ", " ", " ", " ", " ", " ", " ", " ", " ", " ", " ", " ", "", " ", ""], "words": ["symsyms", "symselect", "symwhere", "symand", "symcol", "symtable", "symcaption", "sympage", "symsection", "symop", "symcond", "symquestion", "symagg", "symaggops", "symcondops", "symaggops", "max", "min", "count", "sum", "avg", "symcondops", "=", ">", "<", "op", "symtable", "symcol", "route", "name", "symcol", "direction", "symcol", "termini", "symcol", "junctions", "symcol", "length", "symcol", "population", "area", "symcol", "remarks", "symquestion", "what", "is", "the", "length", "of", "the", "highway", "with", "the", "route", "name", "sh", "2", "?", "symend"]}, "id": "test-11667", "question": {"gloss": ["What", "is", "the", "length", "of", "the", "highway", "with", "the", "route", "name", "sh", "2", "?"], "ent": ["WP", "VBZ", "DT", "NN", "IN", "DT", "NN", "IN", "DT", "NN", "NN", "FW", "CD", "."], "after": [" ", " ", " ", " ", " ", " ", " ", " ", " ", " ", " ", " ", "", ""], "words": ["what", "is", "the", "length", "of", "the", "highway", "with", "the", "route", "name", "sh", "2", "?"]}, "seq_output": {"gloss": ["SYMSELECT", "SYMAGG", "SYMCOL", "Length", "SYMWHERE", "SYMCOL", "Route", "Name", "SYMOP", "=", "SYMCOND", "sh", "2", "SYMEND"], "after": [" ", "  ", " ", " ", " ", " ", " ", " ", " ", " ", " ", " ", " ", ""], "words": ["symselect", "symagg", "symcol", "length", "symwhere", "symcol", "route", "name", "symop", "=", "symcond", "sh", "2", "symend"]}, "table_id": "2-11336756-6", "query": {"conds": [[0, 0, {"gloss": ["sh", "2"], "after": [" ", ""], "words": ["sh", "2"]}]], "sel": 4, "agg": 0}, "where_output": {"gloss": ["SYMWHERE", "SYMCOL", "Route", "Name", "SYMOP", "=", "SYMCOND", "sh", "2", "SYMEND"], "after": [" ", " ", " ", " ", " ", " ", " ", " ", " ", ""], "words": ["symwhere", "symcol", "route", "name", "symop", "=", "symcond", "sh", "2", "symend"]}, "table": {"header": [{"gloss": ["Route", "Name"], "after": [" ", ""], "words": ["route", "name"]}, {"gloss": ["Direction"], "after": [""], "words": ["direction"]}, {"gloss": ["Termini"], "after": [""], "words": ["termini"]}, {"gloss": ["Junctions"], "after": [""], "words": ["junctions"]}, {"gloss": ["Length"], "after": [""], "words": ["length"]}, {"gloss": ["Population", "Area"], "after": [" ", ""], "words": ["population", "area"]}, {"gloss": ["Remarks"], "after": [""], "words": ["remarks"]}]}}, {"seq_input": {"gloss": ["SYMSYMS", "SYMSELECT", "SYMWHERE", "SYMAND", "SYMCOL", "SYMTABLE", "SYMCAPTION", "SYMPAGE", "SYMSECTION", "SYMOP", "SYMCOND", "SYMQUESTION", "SYMAGG", "SYMAGGOPS", "SYMCONDOPS", "SYMAGGOPS", "MAX", "MIN", "COUNT", "SUM", "AVG", "SYMCONDOPS", "=", ">", "<", "OP", "SYMTABLE", "SYMCOL", "Route", "Name", "SYMCOL", "Direction", "SYMCOL", "Termini", "SYMCOL", "Junctions", "SYMCOL", "Length", "SYMCOL", "Population", "Area", "SYMCOL", "Remarks", "SYMQUESTION", "What", "is", "the", "length", "of", "the", "highway", "with", "remarks", "that", "it", "was", "replaced", "by", "lp", "20", "?", "SYMEND"], "after": [" ", " ", " ", " ", " ", " ", " ", " ", " ", " ", " ", " ", " ", " ", " ", "  ", " ", " ", " ", " ", " ", " ", " ", " ", " ", " ", " ", " ", " ", " ", " ", " ", " ", " ", " ", " ", " ", " ", " ", " ", " ", " ", " ", " ", " ", " ", " ", " ", " ", " ", " ", " ", " ", " ", " ", " ", " ", " ", " ", "", " ", ""], "words": ["symsyms", "symselect", "symwhere", "symand", "symcol", "symtable", "symcaption", "sympage", "symsection", "symop", "symcond", "symquestion", "symagg", "symaggops", "symcondops", "symaggops", "max", "min", "count", "sum", "avg", "symcondops", "=", ">", "<", "op", "symtable", "symcol", "route", "name", "symcol", "direction", "symcol", "termini", "symcol", "junctions", "symcol", "length", "symcol", "population", "area", "symcol", "remarks", "symquestion", "what", "is", "the", "length", "of", "the", "highway", "with", "remarks", "that", "it", "was", "replaced", "by", "lp", "20", "?", "symend"]}, "id": "test-11668", "question": {"gloss": ["What", "is", "the", "length", "of", "the", "highway", "with", "remarks", "that", "it", "was", "replaced", "by", "lp", "20", "?"], "ent": ["WP", "VBZ", "DT", "NN", "IN", "DT", "NN", "IN", "NNS", "IN", "PRP", "VBD", "VBN", "IN", "NN", "CD", "."], "after": [" ", " ", " ", " ", " ", " ", " ", " ", " ", " ", " ", " ", " ", " ", " ", "", ""], "words": ["what", "is", "the", "length", "of", "the", "highway", "with", "remarks", "that", "it", "was", "replaced", "by", "lp", "20", "?"]}, "seq_output": {"gloss": ["SYMSELECT", "SYMAGG", "SYMCOL", "Length", "SYMWHERE", "SYMCOL", "Remarks", "SYMOP", "=", "SYMCOND", "replaced", "by", "lp", "20", "SYMEND"], "after": [" ", "  ", " ", " ", " ", " ", " ", " ", " ", " ", " ", " ", " ", " ", ""], "words": ["symselect", "symagg", "symcol", "length", "symwhere", "symcol", "remarks", "symop", "=", "symcond", "replaced", "by", "lp", "20", "symend"]}, "table_id": "2-11336756-6", "query": {"conds": [[6, 0, {"gloss": ["replaced", "by", "lp", "20"], "after": [" ", " ", " ", ""], "words": ["replaced", "by", "lp", "20"]}]], "sel": 4, "agg": 0}, "where_output": {"gloss": ["SYMWHERE", "SYMCOL", "Remarks", "SYMOP", "=", "SYMCOND", "replaced", "by", "lp", "20", "SYMEND"], "after": [" ", " ", " ", " ", " ", " ", " ", " ", " ", " ", ""], "words": ["symwhere", "symcol", "remarks", "symop", "=", "symcond", "replaced", "by", "lp", "20", "symend"]}, "table": {"header": [{"gloss": ["Route", "Name"], "after": [" ", ""], "words": ["route", "name"]}, {"gloss": ["Direction"], "after": [""], "words": ["direction"]}, {"gloss": ["Termini"], "after": [""], "words": ["termini"]}, {"gloss": ["Junctions"], "after": [""], "words": ["junctions"]}, {"gloss": ["Length"], "after": [""], "words": ["length"]}, {"gloss": ["Population", "Area"], "after": [" ", ""], "words": ["population", "area"]}, {"gloss": ["Remarks"], "after": [""], "words": ["remarks"]}]}}, {"seq_input": {"gloss": ["SYMSYMS", "SYMSELECT", "SYMWHERE", "SYMAND", "SYMCOL", "SYMTABLE", "SYMCAPTION", "SYMPAGE", "SYMSECTION", "SYMOP", "SYMCOND", "SYMQUESTION", "SYMAGG", "SYMAGGOPS", "SYMCONDOPS", "SYMAGGOPS", "MAX", "MIN", "COUNT", "SUM", "AVG", "SYMCONDOPS", "=", ">", "<", "OP", "SYMTABLE", "SYMCOL", "Route", "Name", "SYMCOL", "Direction", "SYMCOL", "Termini", "SYMCOL", "Junctions", "SYMCOL", "Length", "SYMCOL", "Population", "Area", "SYMCOL", "Remarks", "SYMQUESTION", "What", "is", "the", "length", "of", "the", "highway", "with", "remarks", "that", "it", "was", "replaced", "by", "bsi-35", "?", "SYMEND"], "after": [" ", " ", " ", " ", " ", " ", " ", " ", " ", " ", " ", " ", " ", " ", " ", "  ", " ", " ", " ", " ", " ", " ", " ", " ", " ", " ", " ", " ", " ", " ", " ", " ", " ", " ", " ", " ", " ", " ", " ", " ", " ", " ", " ", " ", " ", " ", " ", " ", " ", " ", " ", " ", " ", " ", " ", " ", " ", " ", "", " ", ""], "words": ["symsyms", "symselect", "symwhere", "symand", "symcol", "symtable", "symcaption", "sympage", "symsection", "symop", "symcond", "symquestion", "symagg", "symaggops", "symcondops", "symaggops", "max", "min", "count", "sum", "avg", "symcondops", "=", ">", "<", "op", "symtable", "symcol", "route", "name", "symcol", "direction", "symcol", "termini", "symcol", "junctions", "symcol", "length", "symcol", "population", "area", "symcol", "remarks", "symquestion", "what", "is", "the", "length", "of", "the", "highway", "with", "remarks", "that", "it", "was", "replaced", "by", "bsi-35", "?", "symend"]}, "id": "test-11669", "question": {"gloss": ["What", "is", "the", "length", "of", "the", "highway", "with", "remarks", "that", "it", "was", "replaced", "by", "bsi-35", "?"], "ent": ["WP", "VBZ", "DT", "NN", "IN", "DT", "NN", "IN", "NNS", "IN", "PRP", "VBD", "VBN", "IN", "NN", "."], "after": [" ", " ", " ", " ", " ", " ", " ", " ", " ", " ", " ", " ", " ", " ", "", ""], "words": ["what", "is", "the", "length", "of", "the", "highway", "with", "remarks", "that", "it", "was", "replaced", "by", "bsi-35", "?"]}, "seq_output": {"gloss": ["SYMSELECT", "SYMAGG", "SYMCOL", "Length", "SYMWHERE", "SYMCOL", "Remarks", "SYMOP", "=", "SYMCOND", "replaced", "by", "bsi-35", "SYMEND"], "after": [" ", "  ", " ", " ", " ", " ", " ", " ", " ", " ", " ", " ", " ", ""], "words": ["symselect", "symagg", "symcol", "length", "symwhere", "symcol", "remarks", "symop", "=", "symcond", "replaced", "by", "bsi-35", "symend"]}, "table_id": "2-11336756-6", "query": {"conds": [[6, 0, {"gloss": ["replaced", "by", "bsi-35"], "after": [" ", " ", ""], "words": ["replaced", "by", "bsi-35"]}]], "sel": 4, "agg": 0}, "where_output": {"gloss": ["SYMWHERE", "SYMCOL", "Remarks", "SYMOP", "=", "SYMCOND", "replaced", "by", "bsi-35", "SYMEND"], "after": [" ", " ", " ", " ", " ", " ", " ", " ", " ", ""], "words": ["symwhere", "symcol", "remarks", "symop", "=", "symcond", "replaced", "by", "bsi-35", "symend"]}, "table": {"header": [{"gloss": ["Route", "Name"], "after": [" ", ""], "words": ["route", "name"]}, {"gloss": ["Direction"], "after": [""], "words": ["direction"]}, {"gloss": ["Termini"], "after": [""], "words": ["termini"]}, {"gloss": ["Junctions"], "after": [""], "words": ["junctions"]}, {"gloss": ["Length"], "after": [""], "words": ["length"]}, {"gloss": ["Population", "Area"], "after": [" ", ""], "words": ["population", "area"]}, {"gloss": ["Remarks"], "after": [""], "words": ["remarks"]}]}}, {"seq_input": {"gloss": ["SYMSYMS", "SYMSELECT", "SYMWHERE", "SYMAND", "SYMCOL", "SYMTABLE", "SYMCAPTION", "SYMPAGE", "SYMSECTION", "SYMOP", "SYMCOND", "SYMQUESTION", "SYMAGG", "SYMAGGOPS", "SYMCONDOPS", "SYMAGGOPS", "MAX", "MIN", "COUNT", "SUM", "AVG", "SYMCONDOPS", "=", ">", "<", "OP", "SYMTABLE", "SYMCOL", "Route", "Name", "SYMCOL", "Direction", "SYMCOL", "Termini", "SYMCOL", "Junctions", "SYMCOL", "Length", "SYMCOL", "Population", "Area", "SYMCOL", "Remarks", "SYMQUESTION", "What", "is", "the", "length", "of", "the", "highway", "with", "junctions", "i-35", "us", "83", "and", "named", "us", "83", "bus", ".", "?", "SYMEND"], "after": [" ", " ", " ", " ", " ", " ", " ", " ", " ", " ", " ", " ", " ", " ", " ", "  ", " ", " ", " ", " ", " ", " ", " ", " ", " ", " ", " ", " ", " ", " ", " ", " ", " ", " ", " ", " ", " ", " ", " ", " ", " ", " ", " ", " ", " ", " ", " ", " ", " ", " ", " ", " ", " ", " ", " ", " ", " ", " ", " ", " ", "", "", " ", ""], "words": ["symsyms", "symselect", "symwhere", "symand", "symcol", "symtable", "symcaption", "sympage", "symsection", "symop", "symcond", "symquestion", "symagg", "symaggops", "symcondops", "symaggops", "max", "min", "count", "sum", "avg", "symcondops", "=", ">", "<", "op", "symtable", "symcol", "route", "name", "symcol", "direction", "symcol", "termini", "symcol", "junctions", "symcol", "length", "symcol", "population", "area", "symcol", "remarks", "symquestion", "what", "is", "the", "length", "of", "the", "highway", "with", "junctions", "i-35", "us", "83", "and", "named", "us", "83", "bus", ".", "?", "symend"]}, "id": "test-11670", "question": {"gloss": ["What", "is", "the", "length", "of", "the", "highway", "with", "junctions", "i-35", "us", "83", "and", "named", "us", "83", "bus", ".", "?"], "ent": ["WP", "VBZ", "DT", "NN", "IN", "DT", "NN", "IN", "NNS", "VBD", "PRP", "CD", "CC", "VBD", "PRP", "CD", "NN", ".", "."], "after": [" ", " ", " ", " ", " ", " ", " ", " ", " ", " ", " ", " ", " ", " ", " ", " ", "", "", ""], "words": ["what", "is", "the", "length", "of", "the", "highway", "with", "junctions", "i-35", "us", "83", "and", "named", "us", "83", "bus", ".", "?"]}, "seq_output": {"gloss": ["SYMSELECT", "SYMAGG", "SYMCOL", "Length", "SYMWHERE", "SYMCOL", "Junctions", "SYMOP", "=", "SYMCOND", "i-35", "us", "83", "SYMAND", "SYMCOL", "Route", "Name", "SYMOP", "=", "SYMCOND", "us", "83", "bus", ".", "SYMEND"], "after": [" ", "  ", " ", " ", " ", " ", " ", " ", " ", " ", " ", " ", " ", " ", " ", " ", " ", " ", " ", " ", " ", " ", "", " ", ""], "words": ["symselect", "symagg", "symcol", "length", "symwhere", "symcol", "junctions", "symop", "=", "symcond", "i-35", "us", "83", "symand", "symcol", "route", "name", "symop", "=", "symcond", "us", "83", "bus", ".", "symend"]}, "table_id": "2-11336756-6", "query": {"conds": [[3, 0, {"gloss": ["i-35", "us", "83"], "after": [" ", " ", ""], "words": ["i-35", "us", "83"]}], [0, 0, {"gloss": ["us", "83", "bus", "."], "after": [" ", " ", "", ""], "words": ["us", "83", "bus", "."]}]], "sel": 4, "agg": 0}, "where_output": {"gloss": ["SYMWHERE", "SYMCOL", "Junctions", "SYMOP", "=", "SYMCOND", "i-35", "us", "83", "SYMAND", "SYMCOL", "Route", "Name", "SYMOP", "=", "SYMCOND", "us", "83", "bus", ".", "SYMEND"], "after": [" ", " ", " ", " ", " ", " ", " ", " ", " ", " ", " ", " ", " ", " ", " ", " ", " ", " ", "", " ", ""], "words": ["symwhere", "symcol", "junctions", "symop", "=", "symcond", "i-35", "us", "83", "symand", "symcol", "route", "name", "symop", "=", "symcond", "us", "83", "bus", ".", "symend"]}, "table": {"header": [{"gloss": ["Route", "Name"], "after": [" ", ""], "words": ["route", "name"]}, {"gloss": ["Direction"], "after": [""], "words": ["direction"]}, {"gloss": ["Termini"], "after": [""], "words": ["termini"]}, {"gloss": ["Junctions"], "after": [""], "words": ["junctions"]}, {"gloss": ["Length"], "after": [""], "words": ["length"]}, {"gloss": ["Population", "Area"], "after": [" ", ""], "words": ["population", "area"]}, {"gloss": ["Remarks"], "after": [""], "words": ["remarks"]}]}}], "2-18289217-5": [{"seq_input": {"gloss": ["SYMSYMS", "SYMSELECT", "SYMWHERE", "SYMAND", "SYMCOL", "SYMTABLE", "SYMCAPTION", "SYMPAGE", "SYMSECTION", "SYMOP", "SYMCOND", "SYMQUESTION", "SYMAGG", "SYMAGGOPS", "SYMCONDOPS", "SYMAGGOPS", "MAX", "MIN", "COUNT", "SUM", "AVG", "SYMCONDOPS", "=", ">", "<", "OP", "SYMTABLE", "SYMCOL", "Game", "SYMCOL", "Date", "SYMCOL", "Opponent", "SYMCOL", "Score", "SYMCOL", "Location/Attendance", "SYMCOL", "Record", "SYMCOL", "Streak", "SYMQUESTION", "Which", "Record", "has", "an", "Opponent", "of", "milwaukee", "bucks", "?", "SYMEND"], "after": [" ", " ", " ", " ", " ", " ", " ", " ", " ", " ", " ", " ", " ", " ", " ", "  ", " ", " ", " ", " ", " ", " ", " ", " ", " ", " ", " ", " ", " ", " ", " ", " ", " ", " ", " ", " ", " ", " ", " ", " ", " ", " ", " ", " ", " ", " ", " ", " ", " ", "", " ", ""], "words": ["symsyms", "symselect", "symwhere", "symand", "symcol", "symtable", "symcaption", "sympage", "symsection", "symop", "symcond", "symquestion", "symagg", "symaggops", "symcondops", "symaggops", "max", "min", "count", "sum", "avg", "symcondops", "=", ">", "<", "op", "symtable", "symcol", "game", "symcol", "date", "symcol", "opponent", "symcol", "score", "symcol", "location/attendance", "symcol", "record", "symcol", "streak", "symquestion", "which", "record", "has", "an", "opponent", "of", "milwaukee", "bucks", "?", "symend"]}, "id": "test-12921", "question": {"gloss": ["Which", "Record", "has", "an", "Opponent", "of", "milwaukee", "bucks", "?"], "ent": ["WDT", "NNP", "VBZ", "DT", "NN", "IN", "NN", "NNS", "."], "after": [" ", " ", " ", " ", " ", " ", " ", "", ""], "words": ["which", "record", "has", "an", "opponent", "of", "milwaukee", "bucks", "?"]}, "seq_output": {"gloss": ["SYMSELECT", "SYMAGG", "SYMCOL", "Record", "SYMWHERE", "SYMCOL", "Opponent", "SYMOP", "=", "SYMCOND", "milwaukee", "bucks", "SYMEND"], "after": [" ", "  ", " ", " ", " ", " ", " ", " ", " ", " ", " ", " ", ""], "words": ["symselect", "symagg", "symcol", "record", "symwhere", "symcol", "opponent", "symop", "=", "symcond", "milwaukee", "bucks", "symend"]}, "table_id": "2-18289217-5", "query": {"conds": [[2, 0, {"gloss": ["milwaukee", "bucks"], "after": [" ", ""], "words": ["milwaukee", "bucks"]}]], "sel": 5, "agg": 0}, "where_output": {"gloss": ["SYMWHERE", "SYMCOL", "Opponent", "SYMOP", "=", "SYMCOND", "milwaukee", "bucks", "SYMEND"], "after": [" ", " ", " ", " ", " ", " ", " ", " ", ""], "words": ["symwhere", "symcol", "opponent", "symop", "=", "symcond", "milwaukee", "bucks", "symend"]}, "table": {"header": [{"gloss": ["Game"], "after": [""], "words": ["game"]}, {"gloss": ["Date"], "after": [""], "words": ["date"]}, {"gloss": ["Opponent"], "after": [""], "words": ["opponent"]}, {"gloss": ["Score"], "after": [""], "words": ["score"]}, {"gloss": ["Location/Attendance"], "after": [""], "words": ["location/attendance"]}, {"gloss": ["Record"], "after": [""], "words": ["record"]}, {"gloss": ["Streak"], "after": [""], "words": ["streak"]}]}}, {"seq_input": {"gloss": ["SYMSYMS", "SYMSELECT", "SYMWHERE", "SYMAND", "SYMCOL", "SYMTABLE", "SYMCAPTION", "SYMPAGE", "SYMSECTION", "SYMOP", "SYMCOND", "SYMQUESTION", "SYMAGG", "SYMAGGOPS", "SYMCONDOPS", "SYMAGGOPS", "MAX", "MIN", "COUNT", "SUM", "AVG", "SYMCONDOPS", "=", ">", "<", "OP", "SYMTABLE", "SYMCOL", "Game", "SYMCOL", "Date", "SYMCOL", "Opponent", "SYMCOL", "Score", "SYMCOL", "Location/Attendance", "SYMCOL", "Record", "SYMCOL", "Streak", "SYMQUESTION", "Which", "Record", "has", "a", "Location/Attendance", "of", "ford", "center", ",", "a", "Game", "larger", "than", "30", ",", "and", "a", "Score", "of", "87", "\u2013", "79", "?", "SYMEND"], "after": [" ", " ", " ", " ", " ", " ", " ", " ", " ", " ", " ", " ", " ", " ", " ", "  ", " ", " ", " ", " ", " ", " ", " ", " ", " ", " ", " ", " ", " ", " ", " ", " ", " ", " ", " ", " ", " ", " ", " ", " ", " ", " ", " ", " ", " ", " ", " ", " ", " ", "", " ", " ", " ", " ", " ", "", " ", " ", " ", " ", " ", "", "", "", " ", ""], "words": ["symsyms", "symselect", "symwhere", "symand", "symcol", "symtable", "symcaption", "sympage", "symsection", "symop", "symcond", "symquestion", "symagg", "symaggops", "symcondops", "symaggops", "max", "min", "count", "sum", "avg", "symcondops", "=", ">", "<", "op", "symtable", "symcol", "game", "symcol", "date", "symcol", "opponent", "symcol", "score", "symcol", "location/attendance", "symcol", "record", "symcol", "streak", "symquestion", "which", "record", "has", "a", "location/attendance", "of", "ford", "center", ",", "a", "game", "larger", "than", "30", ",", "and", "a", "score", "of", "87", "--", "79", "?", "symend"]}, "id": "test-12922", "question": {"gloss": ["Which", "Record", "has", "a", "Location/Attendance", "of", "ford", "center", ",", "a", "Game", "larger", "than", "30", ",", "and", "a", "Score", "of", "87", "\u2013", "79", "?"], "ent": ["WDT", "NNP", "VBZ", "DT", "NN", "IN", "NNP", "NN", ",", "DT", "NNP", "JJR", "IN", "CD", ",", "CC", "DT", "NN", "IN", "CD", "NN", "CD", "."], "after": [" ", " ", " ", " ", " ", " ", " ", "", " ", " ", " ", " ", " ", "", " ", " ", " ", " ", " ", "", "", "", ""], "words": ["which", "record", "has", "a", "location/attendance", "of", "ford", "center", ",", "a", "game", "larger", "than", "30", ",", "and", "a", "score", "of", "87", "--", "79", "?"]}, "seq_output": {"gloss": ["SYMSELECT", "SYMAGG", "SYMCOL", "Record", "SYMWHERE", "SYMCOL", "Location/Attendance", "SYMOP", "=", "SYMCOND", "ford", "center", "SYMAND", "SYMCOL", "Game", "SYMOP", ">", "SYMCOND", "30", "SYMAND", "SYMCOL", "Score", "SYMOP", "=", "SYMCOND", "87", "\u2013", "79", "SYMEND"], "after": [" ", "  ", " ", " ", " ", " ", " ", " ", " ", " ", " ", " ", " ", " ", " ", " ", " ", " ", " ", " ", " ", " ", " ", " ", " ", "", "", " ", ""], "words": ["symselect", "symagg", "symcol", "record", "symwhere", "symcol", "location/attendance", "symop", "=", "symcond", "ford", "center", "symand", "symcol", "game", "symop", ">", "symcond", "30", "symand", "symcol", "score", "symop", "=", "symcond", "87", "--", "79", "symend"]}, "table_id": "2-18289217-5", "query": {"conds": [[4, 0, {"gloss": ["ford", "center"], "after": [" ", ""], "words": ["ford", "center"]}], [0, 1, {"gloss": ["30"], "after": [""], "words": ["30"]}], [3, 0, {"gloss": ["87", "\u2013", "79"], "after": ["", "", ""], "words": ["87", "--", "79"]}]], "sel": 5, "agg": 0}, "where_output": {"gloss": ["SYMWHERE", "SYMCOL", "Location/Attendance", "SYMOP", "=", "SYMCOND", "ford", "center", "SYMAND", "SYMCOL", "Game", "SYMOP", ">", "SYMCOND", "30", "SYMAND", "SYMCOL", "Score", "SYMOP", "=", "SYMCOND", "87", "\u2013", "79", "SYMEND"], "after": [" ", " ", " ", " ", " ", " ", " ", " ", " ", " ", " ", " ", " ", " ", " ", " ", " ", " ", " ", " ", " ", "", "", " ", ""], "words": ["symwhere", "symcol", "location/attendance", "symop", "=", "symcond", "ford", "center", "symand", "symcol", "game", "symop", ">", "symcond", "30", "symand", "symcol", "score", "symop", "=", "symcond", "87", "--", "79", "symend"]}, "table": {"header": [{"gloss": ["Game"], "after": [""], "words": ["game"]}, {"gloss": ["Date"], "after": [""], "words": ["date"]}, {"gloss": ["Opponent"], "after": [""], "words": ["opponent"]}, {"gloss": ["Score"], "after": [""], "words": ["score"]}, {"gloss": ["Location/Attendance"], "after": [""], "words": ["location/attendance"]}, {"gloss": ["Record"], "after": [""], "words": ["record"]}, {"gloss": ["Streak"], "after": [""], "words": ["streak"]}]}}, {"seq_input": {"gloss": ["SYMSYMS", "SYMSELECT", "SYMWHERE", "SYMAND", "SYMCOL", "SYMTABLE", "SYMCAPTION", "SYMPAGE", "SYMSECTION", "SYMOP", "SYMCOND", "SYMQUESTION", "SYMAGG", "SYMAGGOPS", "SYMCONDOPS", "SYMAGGOPS", "MAX", "MIN", "COUNT", "SUM", "AVG", "SYMCONDOPS", "=", ">", "<", "OP", "SYMTABLE", "SYMCOL", "Game", "SYMCOL", "Date", "SYMCOL", "Opponent", "SYMCOL", "Score", "SYMCOL", "Location/Attendance", "SYMCOL", "Record", "SYMCOL", "Streak", "SYMQUESTION", "Which", "Game", "has", "an", "Opponent", "of", "@", "houston", "rockets", "?", "SYMEND"], "after": [" ", " ", " ", " ", " ", " ", " ", " ", " ", " ", " ", " ", " ", " ", " ", "  ", " ", " ", " ", " ", " ", " ", " ", " ", " ", " ", " ", " ", " ", " ", " ", " ", " ", " ", " ", " ", " ", " ", " ", " ", " ", " ", " ", " ", " ", " ", " ", " ", " ", " ", "", " ", ""], "words": ["symsyms", "symselect", "symwhere", "symand", "symcol", "symtable", "symcaption", "sympage", "symsection", "symop", "symcond", "symquestion", "symagg", "symaggops", "symcondops", "symaggops", "max", "min", "count", "sum", "avg", "symcondops", "=", ">", "<", "op", "symtable", "symcol", "game", "symcol", "date", "symcol", "opponent", "symcol", "score", "symcol", "location/attendance", "symcol", "record", "symcol", "streak", "symquestion", "which", "game", "has", "an", "opponent", "of", "@", "houston", "rockets", "?", "symend"]}, "id": "test-12923", "question": {"gloss": ["Which", "Game", "has", "an", "Opponent", "of", "@", "houston", "rockets", "?"], "ent": ["WDT", "NNP", "VBZ", "DT", "NN", "IN", ",", "NNP", "NNS", "."], "after": [" ", " ", " ", " ", " ", " ", " ", " ", "", ""], "words": ["which", "game", "has", "an", "opponent", "of", "@", "houston", "rockets", "?"]}, "seq_output": {"gloss": ["SYMSELECT", "SYMAGG", "MIN", "SYMCOL", "Game", "SYMWHERE", "SYMCOL", "Opponent", "SYMOP", "=", "SYMCOND", "@", "houston", "rockets", "SYMEND"], "after": [" ", " ", " ", " ", " ", " ", " ", " ", " ", " ", " ", " ", " ", " ", ""], "words": ["symselect", "symagg", "min", "symcol", "game", "symwhere", "symcol", "opponent", "symop", "=", "symcond", "@", "houston", "rockets", "symend"]}, "table_id": "2-18289217-5", "query": {"conds": [[2, 0, {"gloss": ["@", "houston", "rockets"], "after": [" ", " ", ""], "words": ["@", "houston", "rockets"]}]], "sel": 0, "agg": 2}, "where_output": {"gloss": ["SYMWHERE", "SYMCOL", "Opponent", "SYMOP", "=", "SYMCOND", "@", "houston", "rockets", "SYMEND"], "after": [" ", " ", " ", " ", " ", " ", " ", " ", " ", ""], "words": ["symwhere", "symcol", "opponent", "symop", "=", "symcond", "@", "houston", "rockets", "symend"]}, "table": {"header": [{"gloss": ["Game"], "after": [""], "words": ["game"]}, {"gloss": ["Date"], "after": [""], "words": ["date"]}, {"gloss": ["Opponent"], "after": [""], "words": ["opponent"]}, {"gloss": ["Score"], "after": [""], "words": ["score"]}, {"gloss": ["Location/Attendance"], "after": [""], "words": ["location/attendance"]}, {"gloss": ["Record"], "after": [""], "words": ["record"]}, {"gloss": ["Streak"], "after": [""], "words": ["streak"]}]}}, {"seq_input": {"gloss": ["SYMSYMS", "SYMSELECT", "SYMWHERE", "SYMAND", "SYMCOL", "SYMTABLE", "SYMCAPTION", "SYMPAGE", "SYMSECTION", "SYMOP", "SYMCOND", "SYMQUESTION", "SYMAGG", "SYMAGGOPS", "SYMCONDOPS", "SYMAGGOPS", "MAX", "MIN", "COUNT", "SUM", "AVG", "SYMCONDOPS", "=", ">", "<", "OP", "SYMTABLE", "SYMCOL", "Game", "SYMCOL", "Date", "SYMCOL", "Opponent", "SYMCOL", "Score", "SYMCOL", "Location/Attendance", "SYMCOL", "Record", "SYMCOL", "Streak", "SYMQUESTION", "Which", "Streak", "has", "a", "Score", "of", "98", "\u2013", "109", "?", "SYMEND"], "after": [" ", " ", " ", " ", " ", " ", " ", " ", " ", " ", " ", " ", " ", " ", " ", "  ", " ", " ", " ", " ", " ", " ", " ", " ", " ", " ", " ", " ", " ", " ", " ", " ", " ", " ", " ", " ", " ", " ", " ", " ", " ", " ", " ", " ", " ", " ", " ", " ", "", "", "", " ", ""], "words": ["symsyms", "symselect", "symwhere", "symand", "symcol", "symtable", "symcaption", "sympage", "symsection", "symop", "symcond", "symquestion", "symagg", "symaggops", "symcondops", "symaggops", "max", "min", "count", "sum", "avg", "symcondops", "=", ">", "<", "op", "symtable", "symcol", "game", "symcol", "date", "symcol", "opponent", "symcol", "score", "symcol", "location/attendance", "symcol", "record", "symcol", "streak", "symquestion", "which", "streak", "has", "a", "score", "of", "98", "--", "109", "?", "symend"]}, "id": "test-12924", "question": {"gloss": ["Which", "Streak", "has", "a", "Score", "of", "98", "\u2013", "109", "?"], "ent": ["WDT", "NNP", "VBZ", "DT", "NN", "IN", "CD", "NN", "CD", "."], "after": [" ", " ", " ", " ", " ", " ", "", "", "", ""], "words": ["which", "streak", "has", "a", "score", "of", "98", "--", "109", "?"]}, "seq_output": {"gloss": ["SYMSELECT", "SYMAGG", "SYMCOL", "Streak", "SYMWHERE", "SYMCOL", "Score", "SYMOP", "=", "SYMCOND", "98", "\u2013", "109", "SYMEND"], "after": [" ", "  ", " ", " ", " ", " ", " ", " ", " ", " ", "", "", " ", ""], "words": ["symselect", "symagg", "symcol", "streak", "symwhere", "symcol", "score", "symop", "=", "symcond", "98", "--", "109", "symend"]}, "table_id": "2-18289217-5", "query": {"conds": [[3, 0, {"gloss": ["98", "\u2013", "109"], "after": ["", "", ""], "words": ["98", "--", "109"]}]], "sel": 6, "agg": 0}, "where_output": {"gloss": ["SYMWHERE", "SYMCOL", "Score", "SYMOP", "=", "SYMCOND", "98", "\u2013", "109", "SYMEND"], "after": [" ", " ", " ", " ", " ", " ", "", "", " ", ""], "words": ["symwhere", "symcol", "score", "symop", "=", "symcond", "98", "--", "109", "symend"]}, "table": {"header": [{"gloss": ["Game"], "after": [""], "words": ["game"]}, {"gloss": ["Date"], "after": [""], "words": ["date"]}, {"gloss": ["Opponent"], "after": [""], "words": ["opponent"]}, {"gloss": ["Score"], "after": [""], "words": ["score"]}, {"gloss": ["Location/Attendance"], "after": [""], "words": ["location/attendance"]}, {"gloss": ["Record"], "after": [""], "words": ["record"]}, {"gloss": ["Streak"], "after": [""], "words": ["streak"]}]}}, {"seq_input": {"gloss": ["SYMSYMS", "SYMSELECT", "SYMWHERE", "SYMAND", "SYMCOL", "SYMTABLE", "SYMCAPTION", "SYMPAGE", "SYMSECTION", "SYMOP", "SYMCOND", "SYMQUESTION", "SYMAGG", "SYMAGGOPS", "SYMCONDOPS", "SYMAGGOPS", "MAX", "MIN", "COUNT", "SUM", "AVG", "SYMCONDOPS", "=", ">", "<", "OP", "SYMTABLE", "SYMCOL", "Game", "SYMCOL", "Date", "SYMCOL", "Opponent", "SYMCOL", "Score", "SYMCOL", "Location/Attendance", "SYMCOL", "Record", "SYMCOL", "Streak", "SYMQUESTION", "Which", "Game", "has", "an", "Opponent", "of", "@", "washington", "wizards", "?", "SYMEND"], "after": [" ", " ", " ", " ", " ", " ", " ", " ", " ", " ", " ", " ", " ", " ", " ", "  ", " ", " ", " ", " ", " ", " ", " ", " ", " ", " ", " ", " ", " ", " ", " ", " ", " ", " ", " ", " ", " ", " ", " ", " ", " ", " ", " ", " ", " ", " ", " ", " ", " ", " ", "", " ", ""], "words": ["symsyms", "symselect", "symwhere", "symand", "symcol", "symtable", "symcaption", "sympage", "symsection", "symop", "symcond", "symquestion", "symagg", "symaggops", "symcondops", "symaggops", "max", "min", "count", "sum", "avg", "symcondops", "=", ">", "<", "op", "symtable", "symcol", "game", "symcol", "date", "symcol", "opponent", "symcol", "score", "symcol", "location/attendance", "symcol", "record", "symcol", "streak", "symquestion", "which", "game", "has", "an", "opponent", "of", "@", "washington", "wizards", "?", "symend"]}, "id": "test-12925", "question": {"gloss": ["Which", "Game", "has", "an", "Opponent", "of", "@", "washington", "wizards", "?"], "ent": ["WDT", "NNP", "VBZ", "DT", "NN", "IN", ",", "NNP", "NNS", "."], "after": [" ", " ", " ", " ", " ", " ", " ", " ", "", ""], "words": ["which", "game", "has", "an", "opponent", "of", "@", "washington", "wizards", "?"]}, "seq_output": {"gloss": ["SYMSELECT", "SYMAGG", "SYMCOL", "Game", "SYMWHERE", "SYMCOL", "Opponent", "SYMOP", "=", "SYMCOND", "@", "washington", "wizards", "SYMEND"], "after": [" ", "  ", " ", " ", " ", " ", " ", " ", " ", " ", " ", " ", " ", ""], "words": ["symselect", "symagg", "symcol", "game", "symwhere", "symcol", "opponent", "symop", "=", "symcond", "@", "washington", "wizards", "symend"]}, "table_id": "2-18289217-5", "query": {"conds": [[2, 0, {"gloss": ["@", "washington", "wizards"], "after": [" ", " ", ""], "words": ["@", "washington", "wizards"]}]], "sel": 0, "agg": 0}, "where_output": {"gloss": ["SYMWHERE", "SYMCOL", "Opponent", "SYMOP", "=", "SYMCOND", "@", "washington", "wizards", "SYMEND"], "after": [" ", " ", " ", " ", " ", " ", " ", " ", " ", ""], "words": ["symwhere", "symcol", "opponent", "symop", "=", "symcond", "@", "washington", "wizards", "symend"]}, "table": {"header": [{"gloss": ["Game"], "after": [""], "words": ["game"]}, {"gloss": ["Date"], "after": [""], "words": ["date"]}, {"gloss": ["Opponent"], "after": [""], "words": ["opponent"]}, {"gloss": ["Score"], "after": [""], "words": ["score"]}, {"gloss": ["Location/Attendance"], "after": [""], "words": ["location/attendance"]}, {"gloss": ["Record"], "after": [""], "words": ["record"]}, {"gloss": ["Streak"], "after": [""], "words": ["streak"]}]}}, {"seq_input": {"gloss": ["SYMSYMS", "SYMSELECT", "SYMWHERE", "SYMAND", "SYMCOL", "SYMTABLE", "SYMCAPTION", "SYMPAGE", "SYMSECTION", "SYMOP", "SYMCOND", "SYMQUESTION", "SYMAGG", "SYMAGGOPS", "SYMCONDOPS", "SYMAGGOPS", "MAX", "MIN", "COUNT", "SUM", "AVG", "SYMCONDOPS", "=", ">", "<", "OP", "SYMTABLE", "SYMCOL", "Game", "SYMCOL", "Date", "SYMCOL", "Opponent", "SYMCOL", "Score", "SYMCOL", "Location/Attendance", "SYMCOL", "Record", "SYMCOL", "Streak", "SYMQUESTION", "Which", "Streak", "has", "a", "Record", "of", "21", "\u2013", "22", "?", "SYMEND"], "after": [" ", " ", " ", " ", " ", " ", " ", " ", " ", " ", " ", " ", " ", " ", " ", "  ", " ", " ", " ", " ", " ", " ", " ", " ", " ", " ", " ", " ", " ", " ", " ", " ", " ", " ", " ", " ", " ", " ", " ", " ", " ", " ", " ", " ", " ", " ", " ", " ", "", "", "", " ", ""], "words": ["symsyms", "symselect", "symwhere", "symand", "symcol", "symtable", "symcaption", "sympage", "symsection", "symop", "symcond", "symquestion", "symagg", "symaggops", "symcondops", "symaggops", "max", "min", "count", "sum", "avg", "symcondops", "=", ">", "<", "op", "symtable", "symcol", "game", "symcol", "date", "symcol", "opponent", "symcol", "score", "symcol", "location/attendance", "symcol", "record", "symcol", "streak", "symquestion", "which", "streak", "has", "a", "record", "of", "21", "--", "22", "?", "symend"]}, "id": "test-12926", "question": {"gloss": ["Which", "Streak", "has", "a", "Record", "of", "21", "\u2013", "22", "?"], "ent": ["WDT", "NNP", "VBZ", "DT", "NNP", "IN", "CD", "SYM", "CD", "."], "after": [" ", " ", " ", " ", " ", " ", "", "", "", ""], "words": ["which", "streak", "has", "a", "record", "of", "21", "--", "22", "?"]}, "seq_output": {"gloss": ["SYMSELECT", "SYMAGG", "SYMCOL", "Streak", "SYMWHERE", "SYMCOL", "Record", "SYMOP", "=", "SYMCOND", "21", "\u2013", "22", "SYMEND"], "after": [" ", "  ", " ", " ", " ", " ", " ", " ", " ", " ", "", "", " ", ""], "words": ["symselect", "symagg", "symcol", "streak", "symwhere", "symcol", "record", "symop", "=", "symcond", "21", "--", "22", "symend"]}, "table_id": "2-18289217-5", "query": {"conds": [[5, 0, {"gloss": ["21", "\u2013", "22"], "after": ["", "", ""], "words": ["21", "--", "22"]}]], "sel": 6, "agg": 0}, "where_output": {"gloss": ["SYMWHERE", "SYMCOL", "Record", "SYMOP", "=", "SYMCOND", "21", "\u2013", "22", "SYMEND"], "after": [" ", " ", " ", " ", " ", " ", "", "", " ", ""], "words": ["symwhere", "symcol", "record", "symop", "=", "symcond", "21", "--", "22", "symend"]}, "table": {"header": [{"gloss": ["Game"], "after": [""], "words": ["game"]}, {"gloss": ["Date"], "after": [""], "words": ["date"]}, {"gloss": ["Opponent"], "after": [""], "words": ["opponent"]}, {"gloss": ["Score"], "after": [""], "words": ["score"]}, {"gloss": ["Location/Attendance"], "after": [""], "words": ["location/attendance"]}, {"gloss": ["Record"], "after": [""], "words": ["record"]}, {"gloss": ["Streak"], "after": [""], "words": ["streak"]}]}}], "2-16931017-4": [{"seq_input": {"gloss": ["SYMSYMS", "SYMSELECT", "SYMWHERE", "SYMAND", "SYMCOL", "SYMTABLE", "SYMCAPTION", "SYMPAGE", "SYMSECTION", "SYMOP", "SYMCOND", "SYMQUESTION", "SYMAGG", "SYMAGGOPS", "SYMCONDOPS", "SYMAGGOPS", "MAX", "MIN", "COUNT", "SUM", "AVG", "SYMCONDOPS", "=", ">", "<", "OP", "SYMTABLE", "SYMCOL", "School", "SYMCOL", "Locality", "SYMCOL", "Ages", "SYMCOL", "Report", "SYMCOL", "Website", "SYMQUESTION", "What", "is", "the", "Report", "for", "the", "School", "for", "Ages", "of", "2-17", "?", "SYMEND"], "after": [" ", " ", " ", " ", " ", " ", " ", " ", " ", " ", " ", " ", " ", " ", " ", "  ", " ", " ", " ", " ", " ", " ", " ", " ", " ", " ", " ", " ", " ", " ", " ", " ", " ", " ", " ", " ", " ", " ", " ", " ", " ", " ", " ", " ", " ", " ", " ", " ", "", " ", ""], "words": ["symsyms", "symselect", "symwhere", "symand", "symcol", "symtable", "symcaption", "sympage", "symsection", "symop", "symcond", "symquestion", "symagg", "symaggops", "symcondops", "symaggops", "max", "min", "count", "sum", "avg", "symcondops", "=", ">", "<", "op", "symtable", "symcol", "school", "symcol", "locality", "symcol", "ages", "symcol", "report", "symcol", "website", "symquestion", "what", "is", "the", "report", "for", "the", "school", "for", "ages", "of", "2-17", "?", "symend"]}, "id": "test-8438", "question": {"gloss": ["What", "is", "the", "Report", "for", "the", "School", "for", "Ages", "of", "2-17", "?"], "ent": ["WP", "VBZ", "DT", "NNP", "IN", "DT", "NNP", "IN", "NNPS", "IN", "CD", "."], "after": [" ", " ", " ", " ", " ", " ", " ", " ", " ", " ", "", ""], "words": ["what", "is", "the", "report", "for", "the", "school", "for", "ages", "of", "2-17", "?"]}, "seq_output": {"gloss": ["SYMSELECT", "SYMAGG", "SYMCOL", "Report", "SYMWHERE", "SYMCOL", "Ages", "SYMOP", "=", "SYMCOND", "2-17", "SYMEND"], "after": [" ", "  ", " ", " ", " ", " ", " ", " ", " ", " ", " ", ""], "words": ["symselect", "symagg", "symcol", "report", "symwhere", "symcol", "ages", "symop", "=", "symcond", "2-17", "symend"]}, "table_id": "2-16931017-4", "query": {"conds": [[2, 0, {"gloss": ["2-17"], "after": [""], "words": ["2-17"]}]], "sel": 3, "agg": 0}, "where_output": {"gloss": ["SYMWHERE", "SYMCOL", "Ages", "SYMOP", "=", "SYMCOND", "2-17", "SYMEND"], "after": [" ", " ", " ", " ", " ", " ", " ", ""], "words": ["symwhere", "symcol", "ages", "symop", "=", "symcond", "2-17", "symend"]}, "table": {"header": [{"gloss": ["School"], "after": [""], "words": ["school"]}, {"gloss": ["Locality"], "after": [""], "words": ["locality"]}, {"gloss": ["Ages"], "after": [""], "words": ["ages"]}, {"gloss": ["Report"], "after": [""], "words": ["report"]}, {"gloss": ["Website"], "after": [""], "words": ["website"]}]}}, {"seq_input": {"gloss": ["SYMSYMS", "SYMSELECT", "SYMWHERE", "SYMAND", "SYMCOL", "SYMTABLE", "SYMCAPTION", "SYMPAGE", "SYMSECTION", "SYMOP", "SYMCOND", "SYMQUESTION", "SYMAGG", "SYMAGGOPS", "SYMCONDOPS", "SYMAGGOPS", "MAX", "MIN", "COUNT", "SUM", "AVG", "SYMCONDOPS", "=", ">", "<", "OP", "SYMTABLE", "SYMCOL", "School", "SYMCOL", "Locality", "SYMCOL", "Ages", "SYMCOL", "Report", "SYMCOL", "Website", "SYMQUESTION", "What", "are", "the", "Ages", "of", "the", "Seashell", "Trust", "School", "with", "Ofsted", "Report", "?", "SYMEND"], "after": [" ", " ", " ", " ", " ", " ", " ", " ", " ", " ", " ", " ", " ", " ", " ", "  ", " ", " ", " ", " ", " ", " ", " ", " ", " ", " ", " ", " ", " ", " ", " ", " ", " ", " ", " ", " ", " ", " ", " ", " ", " ", " ", " ", " ", " ", " ", " ", " ", " ", "", " ", ""], "words": ["symsyms", "symselect", "symwhere", "symand", "symcol", "symtable", "symcaption", "sympage", "symsection", "symop", "symcond", "symquestion", "symagg", "symaggops", "symcondops", "symaggops", "max", "min", "count", "sum", "avg", "symcondops", "=", ">", "<", "op", "symtable", "symcol", "school", "symcol", "locality", "symcol", "ages", "symcol", "report", "symcol", "website", "symquestion", "what", "are", "the", "ages", "of", "the", "seashell", "trust", "school", "with", "ofsted", "report", "?", "symend"]}, "id": "test-8439", "question": {"gloss": ["What", "are", "the", "Ages", "of", "the", "Seashell", "Trust", "School", "with", "Ofsted", "Report", "?"], "ent": ["WP", "VBP", "DT", "NNPS", "IN", "DT", "NNP", "NNP", "NNP", "IN", "NNP", "NNP", "."], "after": [" ", " ", " ", " ", " ", " ", " ", " ", " ", " ", " ", "", ""], "words": ["what", "are", "the", "ages", "of", "the", "seashell", "trust", "school", "with", "ofsted", "report", "?"]}, "seq_output": {"gloss": ["SYMSELECT", "SYMAGG", "SYMCOL", "Ages", "SYMWHERE", "SYMCOL", "Report", "SYMOP", "=", "SYMCOND", "ofsted", "SYMAND", "SYMCOL", "School", "SYMOP", "=", "SYMCOND", "seashell", "trust", "SYMEND"], "after": [" ", "  ", " ", " ", " ", " ", " ", " ", " ", " ", " ", " ", " ", " ", " ", " ", " ", " ", " ", ""], "words": ["symselect", "symagg", "symcol", "ages", "symwhere", "symcol", "report", "symop", "=", "symcond", "ofsted", "symand", "symcol", "school", "symop", "=", "symcond", "seashell", "trust", "symend"]}, "table_id": "2-16931017-4", "query": {"conds": [[3, 0, {"gloss": ["ofsted"], "after": [""], "words": ["ofsted"]}], [0, 0, {"gloss": ["seashell", "trust"], "after": [" ", ""], "words": ["seashell", "trust"]}]], "sel": 2, "agg": 0}, "where_output": {"gloss": ["SYMWHERE", "SYMCOL", "Report", "SYMOP", "=", "SYMCOND", "ofsted", "SYMAND", "SYMCOL", "School", "SYMOP", "=", "SYMCOND", "seashell", "trust", "SYMEND"], "after": [" ", " ", " ", " ", " ", " ", " ", " ", " ", " ", " ", " ", " ", " ", " ", ""], "words": ["symwhere", "symcol", "report", "symop", "=", "symcond", "ofsted", "symand", "symcol", "school", "symop", "=", "symcond", "seashell", "trust", "symend"]}, "table": {"header": [{"gloss": ["School"], "after": [""], "words": ["school"]}, {"gloss": ["Locality"], "after": [""], "words": ["locality"]}, {"gloss": ["Ages"], "after": [""], "words": ["ages"]}, {"gloss": ["Report"], "after": [""], "words": ["report"]}, {"gloss": ["Website"], "after": [""], "words": ["website"]}]}}, {"seq_input": {"gloss": ["SYMSYMS", "SYMSELECT", "SYMWHERE", "SYMAND", "SYMCOL", "SYMTABLE", "SYMCAPTION", "SYMPAGE", "SYMSECTION", "SYMOP", "SYMCOND", "SYMQUESTION", "SYMAGG", "SYMAGGOPS", "SYMCONDOPS", "SYMAGGOPS", "MAX", "MIN", "COUNT", "SUM", "AVG", "SYMCONDOPS", "=", ">", "<", "OP", "SYMTABLE", "SYMCOL", "School", "SYMCOL", "Locality", "SYMCOL", "Ages", "SYMCOL", "Report", "SYMCOL", "Website", "SYMQUESTION", "What", "is", "the", "Website", "of", "the", "Cheadle", "School", "for", "Ages", "8-16", "?", "SYMEND"], "after": [" ", " ", " ", " ", " ", " ", " ", " ", " ", " ", " ", " ", " ", " ", " ", "  ", " ", " ", " ", " ", " ", " ", " ", " ", " ", " ", " ", " ", " ", " ", " ", " ", " ", " ", " ", " ", " ", " ", " ", " ", " ", " ", " ", " ", " ", " ", " ", " ", "", " ", ""], "words": ["symsyms", "symselect", "symwhere", "symand", "symcol", "symtable", "symcaption", "sympage", "symsection", "symop", "symcond", "symquestion", "symagg", "symaggops", "symcondops", "symaggops", "max", "min", "count", "sum", "avg", "symcondops", "=", ">", "<", "op", "symtable", "symcol", "school", "symcol", "locality", "symcol", "ages", "symcol", "report", "symcol", "website", "symquestion", "what", "is", "the", "website", "of", "the", "cheadle", "school", "for", "ages", "8-16", "?", "symend"]}, "id": "test-8440", "question": {"gloss": ["What", "is", "the", "Website", "of", "the", "Cheadle", "School", "for", "Ages", "8-16", "?"], "ent": ["WP", "VBZ", "DT", "NN", "IN", "DT", "NNP", "NNP", "IN", "NNPS", "CD", "."], "after": [" ", " ", " ", " ", " ", " ", " ", " ", " ", " ", "", ""], "words": ["what", "is", "the", "website", "of", "the", "cheadle", "school", "for", "ages", "8-16", "?"]}, "seq_output": {"gloss": ["SYMSELECT", "SYMAGG", "SYMCOL", "Website", "SYMWHERE", "SYMCOL", "Ages", "SYMOP", "=", "SYMCOND", "8-16", "SYMAND", "SYMCOL", "Locality", "SYMOP", "=", "SYMCOND", "cheadle", "SYMEND"], "after": [" ", "  ", " ", " ", " ", " ", " ", " ", " ", " ", " ", " ", " ", " ", " ", " ", " ", " ", ""], "words": ["symselect", "symagg", "symcol", "website", "symwhere", "symcol", "ages", "symop", "=", "symcond", "8-16", "symand", "symcol", "locality", "symop", "=", "symcond", "cheadle", "symend"]}, "table_id": "2-16931017-4", "query": {"conds": [[2, 0, {"gloss": ["8-16"], "after": [""], "words": ["8-16"]}], [1, 0, {"gloss": ["cheadle"], "after": [""], "words": ["cheadle"]}]], "sel": 4, "agg": 0}, "where_output": {"gloss": ["SYMWHERE", "SYMCOL", "Ages", "SYMOP", "=", "SYMCOND", "8-16", "SYMAND", "SYMCOL", "Locality", "SYMOP", "=", "SYMCOND", "cheadle", "SYMEND"], "after": [" ", " ", " ", " ", " ", " ", " ", " ", " ", " ", " ", " ", " ", " ", ""], "words": ["symwhere", "symcol", "ages", "symop", "=", "symcond", "8-16", "symand", "symcol", "locality", "symop", "=", "symcond", "cheadle", "symend"]}, "table": {"header": [{"gloss": ["School"], "after": [""], "words": ["school"]}, {"gloss": ["Locality"], "after": [""], "words": ["locality"]}, {"gloss": ["Ages"], "after": [""], "words": ["ages"]}, {"gloss": ["Report"], "after": [""], "words": ["report"]}, {"gloss": ["Website"], "after": [""], "words": ["website"]}]}}, {"seq_input": {"gloss": ["SYMSYMS", "SYMSELECT", "SYMWHERE", "SYMAND", "SYMCOL", "SYMTABLE", "SYMCAPTION", "SYMPAGE", "SYMSECTION", "SYMOP", "SYMCOND", "SYMQUESTION", "SYMAGG", "SYMAGGOPS", "SYMCONDOPS", "SYMAGGOPS", "MAX", "MIN", "COUNT", "SUM", "AVG", "SYMCONDOPS", "=", ">", "<", "OP", "SYMTABLE", "SYMCOL", "School", "SYMCOL", "Locality", "SYMCOL", "Ages", "SYMCOL", "Report", "SYMCOL", "Website", "SYMQUESTION", "What", "is", "the", "Website", "of", "the", "Cheadle", "Hulme", "School", "with", "a", "Report", "of", "Ofsted", "for", "Ages", "4-19", "?", "SYMEND"], "after": [" ", " ", " ", " ", " ", " ", " ", " ", " ", " ", " ", " ", " ", " ", " ", "  ", " ", " ", " ", " ", " ", " ", " ", " ", " ", " ", " ", " ", " ", " ", " ", " ", " ", " ", " ", " ", " ", " ", " ", " ", " ", " ", " ", " ", " ", " ", " ", " ", " ", " ", " ", " ", " ", " ", "", " ", ""], "words": ["symsyms", "symselect", "symwhere", "symand", "symcol", "symtable", "symcaption", "sympage", "symsection", "symop", "symcond", "symquestion", "symagg", "symaggops", "symcondops", "symaggops", "max", "min", "count", "sum", "avg", "symcondops", "=", ">", "<", "op", "symtable", "symcol", "school", "symcol", "locality", "symcol", "ages", "symcol", "report", "symcol", "website", "symquestion", "what", "is", "the", "website", "of", "the", "cheadle", "hulme", "school", "with", "a", "report", "of", "ofsted", "for", "ages", "4-19", "?", "symend"]}, "id": "test-8441", "question": {"gloss": ["What", "is", "the", "Website", "of", "the", "Cheadle", "Hulme", "School", "with", "a", "Report", "of", "Ofsted", "for", "Ages", "4-19", "?"], "ent": ["WP", "VBZ", "DT", "NN", "IN", "DT", "NNP", "NNP", "NNP", "IN", "DT", "NNP", "IN", "NNP", "IN", "NNPS", "CD", "."], "after": [" ", " ", " ", " ", " ", " ", " ", " ", " ", " ", " ", " ", " ", " ", " ", " ", "", ""], "words": ["what", "is", "the", "website", "of", "the", "cheadle", "hulme", "school", "with", "a", "report", "of", "ofsted", "for", "ages", "4-19", "?"]}, "seq_output": {"gloss": ["SYMSELECT", "SYMAGG", "SYMCOL", "Website", "SYMWHERE", "SYMCOL", "Report", "SYMOP", "=", "SYMCOND", "ofsted", "SYMAND", "SYMCOL", "Ages", "SYMOP", "=", "SYMCOND", "4-19", "SYMAND", "SYMCOL", "Locality", "SYMOP", "=", "SYMCOND", "cheadle", "hulme", "SYMEND"], "after": [" ", "  ", " ", " ", " ", " ", " ", " ", " ", " ", " ", " ", " ", " ", " ", " ", " ", " ", " ", " ", " ", " ", " ", " ", " ", " ", ""], "words": ["symselect", "symagg", "symcol", "website", "symwhere", "symcol", "report", "symop", "=", "symcond", "ofsted", "symand", "symcol", "ages", "symop", "=", "symcond", "4-19", "symand", "symcol", "locality", "symop", "=", "symcond", "cheadle", "hulme", "symend"]}, "table_id": "2-16931017-4", "query": {"conds": [[3, 0, {"gloss": ["ofsted"], "after": [""], "words": ["ofsted"]}], [2, 0, {"gloss": ["4-19"], "after": [""], "words": ["4-19"]}], [1, 0, {"gloss": ["cheadle", "hulme"], "after": [" ", ""], "words": ["cheadle", "hulme"]}]], "sel": 4, "agg": 0}, "where_output": {"gloss": ["SYMWHERE", "SYMCOL", "Report", "SYMOP", "=", "SYMCOND", "ofsted", "SYMAND", "SYMCOL", "Ages", "SYMOP", "=", "SYMCOND", "4-19", "SYMAND", "SYMCOL", "Locality", "SYMOP", "=", "SYMCOND", "cheadle", "hulme", "SYMEND"], "after": [" ", " ", " ", " ", " ", " ", " ", " ", " ", " ", " ", " ", " ", " ", " ", " ", " ", " ", " ", " ", " ", " ", ""], "words": ["symwhere", "symcol", "report", "symop", "=", "symcond", "ofsted", "symand", "symcol", "ages", "symop", "=", "symcond", "4-19", "symand", "symcol", "locality", "symop", "=", "symcond", "cheadle", "hulme", "symend"]}, "table": {"header": [{"gloss": ["School"], "after": [""], "words": ["school"]}, {"gloss": ["Locality"], "after": [""], "words": ["locality"]}, {"gloss": ["Ages"], "after": [""], "words": ["ages"]}, {"gloss": ["Report"], "after": [""], "words": ["report"]}, {"gloss": ["Website"], "after": [""], "words": ["website"]}]}}, {"seq_input": {"gloss": ["SYMSYMS", "SYMSELECT", "SYMWHERE", "SYMAND", "SYMCOL", "SYMTABLE", "SYMCAPTION", "SYMPAGE", "SYMSECTION", "SYMOP", "SYMCOND", "SYMQUESTION", "SYMAGG", "SYMAGGOPS", "SYMCONDOPS", "SYMAGGOPS", "MAX", "MIN", "COUNT", "SUM", "AVG", "SYMCONDOPS", "=", ">", "<", "OP", "SYMTABLE", "SYMCOL", "School", "SYMCOL", "Locality", "SYMCOL", "Ages", "SYMCOL", "Report", "SYMCOL", "Website", "SYMQUESTION", "What", "is", "the", "Locality", "of", "the", "Penarth", "Group", "School", "for", "Ages", "8-16", "?", "SYMEND"], "after": [" ", " ", " ", " ", " ", " ", " ", " ", " ", " ", " ", " ", " ", " ", " ", "  ", " ", " ", " ", " ", " ", " ", " ", " ", " ", " ", " ", " ", " ", " ", " ", " ", " ", " ", " ", " ", " ", " ", " ", " ", " ", " ", " ", " ", " ", " ", " ", " ", " ", "", " ", ""], "words": ["symsyms", "symselect", "symwhere", "symand", "symcol", "symtable", "symcaption", "sympage", "symsection", "symop", "symcond", "symquestion", "symagg", "symaggops", "symcondops", "symaggops", "max", "min", "count", "sum", "avg", "symcondops", "=", ">", "<", "op", "symtable", "symcol", "school", "symcol", "locality", "symcol", "ages", "symcol", "report", "symcol", "website", "symquestion", "what", "is", "the", "locality", "of", "the", "penarth", "group", "school", "for", "ages", "8-16", "?", "symend"]}, "id": "test-8442", "question": {"gloss": ["What", "is", "the", "Locality", "of", "the", "Penarth", "Group", "School", "for", "Ages", "8-16", "?"], "ent": ["WP", "VBZ", "DT", "NNP", "IN", "DT", "NNP", "NNP", "NNP", "IN", "NNPS", "CD", "."], "after": [" ", " ", " ", " ", " ", " ", " ", " ", " ", " ", " ", "", ""], "words": ["what", "is", "the", "locality", "of", "the", "penarth", "group", "school", "for", "ages", "8-16", "?"]}, "seq_output": {"gloss": ["SYMSELECT", "SYMAGG", "SYMCOL", "Locality", "SYMWHERE", "SYMCOL", "Ages", "SYMOP", "=", "SYMCOND", "8-16", "SYMAND", "SYMCOL", "School", "SYMOP", "=", "SYMCOND", "penarth", "group", "school", "SYMEND"], "after": [" ", "  ", " ", " ", " ", " ", " ", " ", " ", " ", " ", " ", " ", " ", " ", " ", " ", " ", " ", " ", ""], "words": ["symselect", "symagg", "symcol", "locality", "symwhere", "symcol", "ages", "symop", "=", "symcond", "8-16", "symand", "symcol", "school", "symop", "=", "symcond", "penarth", "group", "school", "symend"]}, "table_id": "2-16931017-4", "query": {"conds": [[2, 0, {"gloss": ["8-16"], "after": [""], "words": ["8-16"]}], [0, 0, {"gloss": ["penarth", "group", "school"], "after": [" ", " ", ""], "words": ["penarth", "group", "school"]}]], "sel": 1, "agg": 0}, "where_output": {"gloss": ["SYMWHERE", "SYMCOL", "Ages", "SYMOP", "=", "SYMCOND", "8-16", "SYMAND", "SYMCOL", "School", "SYMOP", "=", "SYMCOND", "penarth", "group", "school", "SYMEND"], "after": [" ", " ", " ", " ", " ", " ", " ", " ", " ", " ", " ", " ", " ", " ", " ", " ", ""], "words": ["symwhere", "symcol", "ages", "symop", "=", "symcond", "8-16", "symand", "symcol", "school", "symop", "=", "symcond", "penarth", "group", "school", "symend"]}, "table": {"header": [{"gloss": ["School"], "after": [""], "words": ["school"]}, {"gloss": ["Locality"], "after": [""], "words": ["locality"]}, {"gloss": ["Ages"], "after": [""], "words": ["ages"]}, {"gloss": ["Report"], "after": [""], "words": ["report"]}, {"gloss": ["Website"], "after": [""], "words": ["website"]}]}}], "2-1301373-6": [{"seq_input": {"gloss": ["SYMSYMS", "SYMSELECT", "SYMWHERE", "SYMAND", "SYMCOL", "SYMTABLE", "SYMCAPTION", "SYMPAGE", "SYMSECTION", "SYMOP", "SYMCOND", "SYMQUESTION", "SYMAGG", "SYMAGGOPS", "SYMCONDOPS", "SYMAGGOPS", "MAX", "MIN", "COUNT", "SUM", "AVG", "SYMCONDOPS", "=", ">", "<", "OP", "SYMTABLE", "SYMCOL", "Club", "SYMCOL", "Visa", "1", "SYMCOL", "Visa", "2", "SYMCOL", "Visa", "3", "SYMCOL", "Visa", "4", "SYMCOL", "Visa", "5", "SYMQUESTION", "Which", "Visa", "3", "has", "gui", "finkler", "as", "Visa", "1", "?", "SYMEND"], "after": [" ", " ", " ", " ", " ", " ", " ", " ", " ", " ", " ", " ", " ", " ", " ", "  ", " ", " ", " ", " ", " ", " ", " ", " ", " ", " ", " ", " ", " ", " ", " ", " ", " ", " ", " ", " ", " ", " ", " ", " ", " ", " ", " ", " ", " ", " ", " ", " ", " ", " ", " ", " ", " ", "", " ", ""], "words": ["symsyms", "symselect", "symwhere", "symand", "symcol", "symtable", "symcaption", "sympage", "symsection", "symop", "symcond", "symquestion", "symagg", "symaggops", "symcondops", "symaggops", "max", "min", "count", "sum", "avg", "symcondops", "=", ">", "<", "op", "symtable", "symcol", "club", "symcol", "visa", "1", "symcol", "visa", "2", "symcol", "visa", "3", "symcol", "visa", "4", "symcol", "visa", "5", "symquestion", "which", "visa", "3", "has", "gui", "finkler", "as", "visa", "1", "?", "symend"]}, "id": "test-14369", "question": {"gloss": ["Which", "Visa", "3", "has", "gui", "finkler", "as", "Visa", "1", "?"], "ent": ["WDT", "NNP", "CD", "VBZ", "NNP", "NN", "IN", "NNP", "CD", "."], "after": [" ", " ", " ", " ", " ", " ", " ", " ", "", ""], "words": ["which", "visa", "3", "has", "gui", "finkler", "as", "visa", "1", "?"]}, "seq_output": {"gloss": ["SYMSELECT", "SYMAGG", "SYMCOL", "Visa", "3", "SYMWHERE", "SYMCOL", "Visa", "1", "SYMOP", "=", "SYMCOND", "gui", "finkler", "SYMEND"], "after": [" ", "  ", " ", " ", " ", " ", " ", " ", " ", " ", " ", " ", " ", " ", ""], "words": ["symselect", "symagg", "symcol", "visa", "3", "symwhere", "symcol", "visa", "1", "symop", "=", "symcond", "gui", "finkler", "symend"]}, "table_id": "2-1301373-6", "query": {"conds": [[1, 0, {"gloss": ["gui", "finkler"], "after": [" ", ""], "words": ["gui", "finkler"]}]], "sel": 3, "agg": 0}, "where_output": {"gloss": ["SYMWHERE", "SYMCOL", "Visa", "1", "SYMOP", "=", "SYMCOND", "gui", "finkler", "SYMEND"], "after": [" ", " ", " ", " ", " ", " ", " ", " ", " ", ""], "words": ["symwhere", "symcol", "visa", "1", "symop", "=", "symcond", "gui", "finkler", "symend"]}, "table": {"header": [{"gloss": ["Club"], "after": [""], "words": ["club"]}, {"gloss": ["Visa", "1"], "after": [" ", ""], "words": ["visa", "1"]}, {"gloss": ["Visa", "2"], "after": [" ", ""], "words": ["visa", "2"]}, {"gloss": ["Visa", "3"], "after": [" ", ""], "words": ["visa", "3"]}, {"gloss": ["Visa", "4"], "after": [" ", ""], "words": ["visa", "4"]}, {"gloss": ["Visa", "5"], "after": [" ", ""], "words": ["visa", "5"]}]}}, {"seq_input": {"gloss": ["SYMSYMS", "SYMSELECT", "SYMWHERE", "SYMAND", "SYMCOL", "SYMTABLE", "SYMCAPTION", "SYMPAGE", "SYMSECTION", "SYMOP", "SYMCOND", "SYMQUESTION", "SYMAGG", "SYMAGGOPS", "SYMCONDOPS", "SYMAGGOPS", "MAX", "MIN", "COUNT", "SUM", "AVG", "SYMCONDOPS", "=", ">", "<", "OP", "SYMTABLE", "SYMCOL", "Club", "SYMCOL", "Visa", "1", "SYMCOL", "Visa", "2", "SYMCOL", "Visa", "3", "SYMCOL", "Visa", "4", "SYMCOL", "Visa", "5", "SYMQUESTION", "Which", "Visa", "3", "has", "a", "Visa", "4", "of", "youssouf", "hersi", "?", "SYMEND"], "after": [" ", " ", " ", " ", " ", " ", " ", " ", " ", " ", " ", " ", " ", " ", " ", "  ", " ", " ", " ", " ", " ", " ", " ", " ", " ", " ", " ", " ", " ", " ", " ", " ", " ", " ", " ", " ", " ", " ", " ", " ", " ", " ", " ", " ", " ", " ", " ", " ", " ", " ", " ", " ", " ", " ", "", " ", ""], "words": ["symsyms", "symselect", "symwhere", "symand", "symcol", "symtable", "symcaption", "sympage", "symsection", "symop", "symcond", "symquestion", "symagg", "symaggops", "symcondops", "symaggops", "max", "min", "count", "sum", "avg", "symcondops", "=", ">", "<", "op", "symtable", "symcol", "club", "symcol", "visa", "1", "symcol", "visa", "2", "symcol", "visa", "3", "symcol", "visa", "4", "symcol", "visa", "5", "symquestion", "which", "visa", "3", "has", "a", "visa", "4", "of", "youssouf", "hersi", "?", "symend"]}, "id": "test-14370", "question": {"gloss": ["Which", "Visa", "3", "has", "a", "Visa", "4", "of", "youssouf", "hersi", "?"], "ent": ["WDT", "NNP", "CD", "VBZ", "DT", "NNP", "CD", "IN", "JJR", "NN", "."], "after": [" ", " ", " ", " ", " ", " ", " ", " ", " ", "", ""], "words": ["which", "visa", "3", "has", "a", "visa", "4", "of", "youssouf", "hersi", "?"]}, "seq_output": {"gloss": ["SYMSELECT", "SYMAGG", "SYMCOL", "Visa", "3", "SYMWHERE", "SYMCOL", "Visa", "4", "SYMOP", "=", "SYMCOND", "youssouf", "hersi", "SYMEND"], "after": [" ", "  ", " ", " ", " ", " ", " ", " ", " ", " ", " ", " ", " ", " ", ""], "words": ["symselect", "symagg", "symcol", "visa", "3", "symwhere", "symcol", "visa", "4", "symop", "=", "symcond", "youssouf", "hersi", "symend"]}, "table_id": "2-1301373-6", "query": {"conds": [[4, 0, {"gloss": ["youssouf", "hersi"], "after": [" ", ""], "words": ["youssouf", "hersi"]}]], "sel": 3, "agg": 0}, "where_output": {"gloss": ["SYMWHERE", "SYMCOL", "Visa", "4", "SYMOP", "=", "SYMCOND", "youssouf", "hersi", "SYMEND"], "after": [" ", " ", " ", " ", " ", " ", " ", " ", " ", ""], "words": ["symwhere", "symcol", "visa", "4", "symop", "=", "symcond", "youssouf", "hersi", "symend"]}, "table": {"header": [{"gloss": ["Club"], "after": [""], "words": ["club"]}, {"gloss": ["Visa", "1"], "after": [" ", ""], "words": ["visa", "1"]}, {"gloss": ["Visa", "2"], "after": [" ", ""], "words": ["visa", "2"]}, {"gloss": ["Visa", "3"], "after": [" ", ""], "words": ["visa", "3"]}, {"gloss": ["Visa", "4"], "after": [" ", ""], "words": ["visa", "4"]}, {"gloss": ["Visa", "5"], "after": [" ", ""], "words": ["visa", "5"]}]}}, {"seq_input": {"gloss": ["SYMSYMS", "SYMSELECT", "SYMWHERE", "SYMAND", "SYMCOL", "SYMTABLE", "SYMCAPTION", "SYMPAGE", "SYMSECTION", "SYMOP", "SYMCOND", "SYMQUESTION", "SYMAGG", "SYMAGGOPS", "SYMCONDOPS", "SYMAGGOPS", "MAX", "MIN", "COUNT", "SUM", "AVG", "SYMCONDOPS", "=", ">", "<", "OP", "SYMTABLE", "SYMCOL", "Club", "SYMCOL", "Visa", "1", "SYMCOL", "Visa", "2", "SYMCOL", "Visa", "3", "SYMCOL", "Visa", "4", "SYMCOL", "Visa", "5", "SYMQUESTION", "Which", "Visa", "5", "has", "a", "Visa", "1", "of", "emile", "heskey", "?", "SYMEND"], "after": [" ", " ", " ", " ", " ", " ", " ", " ", " ", " ", " ", " ", " ", " ", " ", "  ", " ", " ", " ", " ", " ", " ", " ", " ", " ", " ", " ", " ", " ", " ", " ", " ", " ", " ", " ", " ", " ", " ", " ", " ", " ", " ", " ", " ", " ", "  ", " ", "  ", " ", " ", " ", " ", " ", " ", "", " ", ""], "words": ["symsyms", "symselect", "symwhere", "symand", "symcol", "symtable", "symcaption", "sympage", "symsection", "symop", "symcond", "symquestion", "symagg", "symaggops", "symcondops", "symaggops", "max", "min", "count", "sum", "avg", "symcondops", "=", ">", "<", "op", "symtable", "symcol", "club", "symcol", "visa", "1", "symcol", "visa", "2", "symcol", "visa", "3", "symcol", "visa", "4", "symcol", "visa", "5", "symquestion", "which", "visa", "5", "has", "a", "visa", "1", "of", "emile", "heskey", "?", "symend"]}, "id": "test-14371", "question": {"gloss": ["Which", "Visa", "5", "has", "a", "Visa", "1", "of", "emile", "heskey", "?"], "ent": ["WDT", "NNP", "CD", "VBZ", "DT", "NNP", "CD", "IN", "NN", "NN", "."], "after": ["  ", " ", "  ", " ", " ", " ", " ", " ", " ", "", ""], "words": ["which", "visa", "5", "has", "a", "visa", "1", "of", "emile", "heskey", "?"]}, "seq_output": {"gloss": ["SYMSELECT", "SYMAGG", "SYMCOL", "Visa", "5", "SYMWHERE", "SYMCOL", "Visa", "1", "SYMOP", "=", "SYMCOND", "emile", "heskey", "SYMEND"], "after": [" ", "  ", " ", " ", " ", " ", " ", " ", " ", " ", " ", " ", " ", " ", ""], "words": ["symselect", "symagg", "symcol", "visa", "5", "symwhere", "symcol", "visa", "1", "symop", "=", "symcond", "emile", "heskey", "symend"]}, "table_id": "2-1301373-6", "query": {"conds": [[1, 0, {"gloss": ["emile", "heskey"], "after": [" ", ""], "words": ["emile", "heskey"]}]], "sel": 5, "agg": 0}, "where_output": {"gloss": ["SYMWHERE", "SYMCOL", "Visa", "1", "SYMOP", "=", "SYMCOND", "emile", "heskey", "SYMEND"], "after": [" ", " ", " ", " ", " ", " ", " ", " ", " ", ""], "words": ["symwhere", "symcol", "visa", "1", "symop", "=", "symcond", "emile", "heskey", "symend"]}, "table": {"header": [{"gloss": ["Club"], "after": [""], "words": ["club"]}, {"gloss": ["Visa", "1"], "after": [" ", ""], "words": ["visa", "1"]}, {"gloss": ["Visa", "2"], "after": [" ", ""], "words": ["visa", "2"]}, {"gloss": ["Visa", "3"], "after": [" ", ""], "words": ["visa", "3"]}, {"gloss": ["Visa", "4"], "after": [" ", ""], "words": ["visa", "4"]}, {"gloss": ["Visa", "5"], "after": [" ", ""], "words": ["visa", "5"]}]}}, {"seq_input": {"gloss": ["SYMSYMS", "SYMSELECT", "SYMWHERE", "SYMAND", "SYMCOL", "SYMTABLE", "SYMCAPTION", "SYMPAGE", "SYMSECTION", "SYMOP", "SYMCOND", "SYMQUESTION", "SYMAGG", "SYMAGGOPS", "SYMCONDOPS", "SYMAGGOPS", "MAX", "MIN", "COUNT", "SUM", "AVG", "SYMCONDOPS", "=", ">", "<", "OP", "SYMTABLE", "SYMCOL", "Club", "SYMCOL", "Visa", "1", "SYMCOL", "Visa", "2", "SYMCOL", "Visa", "3", "SYMCOL", "Visa", "4", "SYMCOL", "Visa", "5", "SYMQUESTION", "Which", "Visa", "3", "has", "a", "Visa", "1", "of", "michael", "mcglinchey", "?", "SYMEND"], "after": [" ", " ", " ", " ", " ", " ", " ", " ", " ", " ", " ", " ", " ", " ", " ", "  ", " ", " ", " ", " ", " ", " ", " ", " ", " ", " ", " ", " ", " ", " ", " ", " ", " ", " ", " ", " ", " ", " ", " ", " ", " ", " ", " ", " ", " ", " ", " ", " ", " ", " ", " ", " ", " ", " ", "", " ", ""], "words": ["symsyms", "symselect", "symwhere", "symand", "symcol", "symtable", "symcaption", "sympage", "symsection", "symop", "symcond", "symquestion", "symagg", "symaggops", "symcondops", "symaggops", "max", "min", "count", "sum", "avg", "symcondops", "=", ">", "<", "op", "symtable", "symcol", "club", "symcol", "visa", "1", "symcol", "visa", "2", "symcol", "visa", "3", "symcol", "visa", "4", "symcol", "visa", "5", "symquestion", "which", "visa", "3", "has", "a", "visa", "1", "of", "michael", "mcglinchey", "?", "symend"]}, "id": "test-14372", "question": {"gloss": ["Which", "Visa", "3", "has", "a", "Visa", "1", "of", "michael", "mcglinchey", "?"], "ent": ["WDT", "NNP", "CD", "VBZ", "DT", "NNP", "CD", "IN", "NNP", "NN", "."], "after": [" ", " ", " ", " ", " ", " ", " ", " ", " ", "", ""], "words": ["which", "visa", "3", "has", "a", "visa", "1", "of", "michael", "mcglinchey", "?"]}, "seq_output": {"gloss": ["SYMSELECT", "SYMAGG", "SYMCOL", "Visa", "3", "SYMWHERE", "SYMCOL", "Visa", "1", "SYMOP", "=", "SYMCOND", "michael", "mcglinchey", "SYMEND"], "after": [" ", "  ", " ", " ", " ", " ", " ", " ", " ", " ", " ", " ", " ", " ", ""], "words": ["symselect", "symagg", "symcol", "visa", "3", "symwhere", "symcol", "visa", "1", "symop", "=", "symcond", "michael", "mcglinchey", "symend"]}, "table_id": "2-1301373-6", "query": {"conds": [[1, 0, {"gloss": ["michael", "mcglinchey"], "after": [" ", ""], "words": ["michael", "mcglinchey"]}]], "sel": 3, "agg": 0}, "where_output": {"gloss": ["SYMWHERE", "SYMCOL", "Visa", "1", "SYMOP", "=", "SYMCOND", "michael", "mcglinchey", "SYMEND"], "after": [" ", " ", " ", " ", " ", " ", " ", " ", " ", ""], "words": ["symwhere", "symcol", "visa", "1", "symop", "=", "symcond", "michael", "mcglinchey", "symend"]}, "table": {"header": [{"gloss": ["Club"], "after": [""], "words": ["club"]}, {"gloss": ["Visa", "1"], "after": [" ", ""], "words": ["visa", "1"]}, {"gloss": ["Visa", "2"], "after": [" ", ""], "words": ["visa", "2"]}, {"gloss": ["Visa", "3"], "after": [" ", ""], "words": ["visa", "3"]}, {"gloss": ["Visa", "4"], "after": [" ", ""], "words": ["visa", "4"]}, {"gloss": ["Visa", "5"], "after": [" ", ""], "words": ["visa", "5"]}]}}, {"seq_input": {"gloss": ["SYMSYMS", "SYMSELECT", "SYMWHERE", "SYMAND", "SYMCOL", "SYMTABLE", "SYMCAPTION", "SYMPAGE", "SYMSECTION", "SYMOP", "SYMCOND", "SYMQUESTION", "SYMAGG", "SYMAGGOPS", "SYMCONDOPS", "SYMAGGOPS", "MAX", "MIN", "COUNT", "SUM", "AVG", "SYMCONDOPS", "=", ">", "<", "OP", "SYMTABLE", "SYMCOL", "Club", "SYMCOL", "Visa", "1", "SYMCOL", "Visa", "2", "SYMCOL", "Visa", "3", "SYMCOL", "Visa", "4", "SYMCOL", "Visa", "5", "SYMQUESTION", "Which", "Visa", "4", "has", "besart", "berisha", "as", "Visa", "1", "?", "SYMEND"], "after": [" ", " ", " ", " ", " ", " ", " ", " ", " ", " ", " ", " ", " ", " ", " ", "  ", " ", " ", " ", " ", " ", " ", " ", " ", " ", " ", " ", " ", " ", " ", " ", " ", " ", " ", " ", " ", " ", " ", " ", " ", " ", " ", " ", " ", " ", " ", " ", " ", " ", " ", " ", " ", " ", "", " ", ""], "words": ["symsyms", "symselect", "symwhere", "symand", "symcol", "symtable", "symcaption", "sympage", "symsection", "symop", "symcond", "symquestion", "symagg", "symaggops", "symcondops", "symaggops", "max", "min", "count", "sum", "avg", "symcondops", "=", ">", "<", "op", "symtable", "symcol", "club", "symcol", "visa", "1", "symcol", "visa", "2", "symcol", "visa", "3", "symcol", "visa", "4", "symcol", "visa", "5", "symquestion", "which", "visa", "4", "has", "besart", "berisha", "as", "visa", "1", "?", "symend"]}, "id": "test-14373", "question": {"gloss": ["Which", "Visa", "4", "has", "besart", "berisha", "as", "Visa", "1", "?"], "ent": ["WDT", "NNP", "CD", "VBZ", "JJ", "NN", "IN", "NNP", "CD", "."], "after": [" ", " ", " ", " ", " ", " ", " ", " ", "", ""], "words": ["which", "visa", "4", "has", "besart", "berisha", "as", "visa", "1", "?"]}, "seq_output": {"gloss": ["SYMSELECT", "SYMAGG", "SYMCOL", "Visa", "4", "SYMWHERE", "SYMCOL", "Visa", "1", "SYMOP", "=", "SYMCOND", "besart", "berisha", "SYMEND"], "after": [" ", "  ", " ", " ", " ", " ", " ", " ", " ", " ", " ", " ", " ", " ", ""], "words": ["symselect", "symagg", "symcol", "visa", "4", "symwhere", "symcol", "visa", "1", "symop", "=", "symcond", "besart", "berisha", "symend"]}, "table_id": "2-1301373-6", "query": {"conds": [[1, 0, {"gloss": ["besart", "berisha"], "after": [" ", ""], "words": ["besart", "berisha"]}]], "sel": 4, "agg": 0}, "where_output": {"gloss": ["SYMWHERE", "SYMCOL", "Visa", "1", "SYMOP", "=", "SYMCOND", "besart", "berisha", "SYMEND"], "after": [" ", " ", " ", " ", " ", " ", " ", " ", " ", ""], "words": ["symwhere", "symcol", "visa", "1", "symop", "=", "symcond", "besart", "berisha", "symend"]}, "table": {"header": [{"gloss": ["Club"], "after": [""], "words": ["club"]}, {"gloss": ["Visa", "1"], "after": [" ", ""], "words": ["visa", "1"]}, {"gloss": ["Visa", "2"], "after": [" ", ""], "words": ["visa", "2"]}, {"gloss": ["Visa", "3"], "after": [" ", ""], "words": ["visa", "3"]}, {"gloss": ["Visa", "4"], "after": [" ", ""], "words": ["visa", "4"]}, {"gloss": ["Visa", "5"], "after": [" ", ""], "words": ["visa", "5"]}]}}]}